x,y,z,t0,t1,t2,t3,xc_px,yc_px,xc,yc,diagonal
0.05,-0.24,0.12,1.7682889320206383,37.7118257390124,81.02561920862155,43.31379346960915,,,,,
0.06,-0.24,0.12,4.036243467926468,35.19606745133599,77.04502010815916,41.84895265682317,,,,,
0.07,-0.24,0.12,6.26020470831196,31.75358835954819,71.46922979463022,39.71564143508203,,,,,
0.1,-0.23,0.12,13.498565675952094,30.52869048164186,69.44917753517718,38.920487053535325,,,,,
0.12,-0.22,0.12,18.61045966596521,30.845047846496456,69.97272354175345,39.12767569525699,,,,,
0.14,-0.21,0.12,23.690067525979785,27.646414129903256,64.62042416427091,36.97401003436767,,,,,
0.15,-0.2,0.12,26.869897645844013,31.75358835954819,71.46922979463022,39.71564143508203,,,,,
0.16,-0.19,0.12,30.100907546212238,33.94815507832919,75.04100904341297,41.09285396508378,145.0,-275.0,2.61,4.95,73.38937252763509
0.17,-0.18,0.12,33.36342295838328,34.95263530875019,76.65563066803891,41.70299535928872,160.0,-264.0,2.88,4.752,72.80109889280519
0.18,-0.17,0.12,36.63657704161671,34.95263530875019,76.65563066803891,41.70299535928872,178.0,-249.0,3.204,4.482,72.78049189171504
0.19,-0.16,0.12,39.89909245378776,33.94815507832919,75.04100904341297,41.09285396508378,191.0,-235.0,3.438,4.23,72.83543093852057
0.2,-0.15,0.12,43.13010235415598,31.75358835954819,71.46922979463022,39.71564143508203,208.0,-222.0,3.744,3.996,75.23961722390672
0.22,-0.12,0.12,51.389540334034784,30.845047846496456,69.97272354175345,39.12767569525699,236.0,-183.0,4.248,3.294,73.17103251970687
0.23,-0.1,0.12,56.50143432404791,30.52869048164186,69.44917753517718,38.920487053535325,259.0,-140.0,4.662,2.52,74.52516353554684
0.24,-0.07,0.12,63.73979529168804,31.75358835954819,71.46922979463022,39.71564143508203,275.0,-97.0,4.95,1.746,74.94664769020693
0.24,-0.06,0.12,65.96375653207352,35.19606745133599,77.04502010815916,41.84895265682317,272.0,-86.0,4.896,1.548,73.7360156233031
0.24,-0.05,0.12,68.23171106797935,37.7118257390124,81.02561920862155,43.31379346960915,273.0,-68.0,4.914,1.224,73.40980860893181
0.24,-0.04,0.12,70.53767779197437,39.59941263885652,83.96012566100063,44.36071302214412,273.0,-54.0,4.914,0.972,74.68600939935136
0.24,-0.03,0.12,72.8749836510982,40.98889311067623,86.0916434521516,45.10275034147537,272.0,-40.0,4.896,0.72,74.30343195303969
0.24,-0.02,0.12,75.23635830927383,41.94703213784924,87.54730057491714,45.6002684370679,273.0,-17.0,4.914,0.306,73.78346698278686
0.24,-0.01,0.12,77.61405596961119,42.509901495046414,88.39704037083692,45.8871388757905,273.0,-6.0,4.914,0.108,74.88658090739622
0.24,0.0,0.12,80.0,42.69567001585551,88.6766085021249,45.98093848626939,272.0,11.0,4.896,-0.198,74.81310045707235
0.24,0.01,0.12,82.38594403038881,42.509901495046414,88.39704037083692,45.8871388757905,271.0,25.0,4.878,-0.45,75.92759709091287
0.24,0.02,0.12,84.76364169072617,41.94703213784924,87.54730057491714,45.6002684370679,270.0,35.0,4.86,-0.63,75.07329751649384
0.24,0.03,0.12,87.1250163489018,40.98889311067623,86.0916434521516,45.10275034147537,267.0,53.0,4.806,-0.954,75.66372975210778
0.24,0.04,0.12,89.46232220802563,39.59941263885652,83.96012566100063,44.36071302214412,267.0,65.0,4.806,-1.17,77.15568676384133
0.24,0.05,0.12,91.76828893202064,37.7118257390124,81.02561920862155,43.31379346960915,267.0,81.0,4.806,-1.458,73.7563556583431
0.24,0.06,0.12,94.03624346792648,35.19606745133599,77.04502010815916,41.84895265682317,265.0,99.0,4.77,-1.782,75.6042326857432
0.24,0.07,0.12,96.26020470831196,31.75358835954819,71.46922979463022,39.71564143508203,263.0,115.0,4.734,-2.07,72.42237223399962
0.23,0.1,0.12,103.4985656759521,30.52869048164186,69.44917753517718,38.920487053535325,246.0,158.0,4.428,-2.844,73.35529974037323
0.22,0.12,0.12,108.6104596659652,30.845047846496456,69.97272354175345,39.12767569525699,228.0,188.0,4.104,-3.384,74.09453421137081
0.21,0.14,0.12,113.6900675259798,27.646414129903256,64.62042416427091,36.97401003436767,210.0,215.0,3.78,-3.87,73.08214556237385
0.2,0.15,0.12,116.86989764584402,31.75358835954819,71.46922979463022,39.71564143508203,198.0,224.0,3.564,-4.032,72.27724399837061
0.19,0.16,0.12,120.10090754621224,33.94815507832919,75.04100904341297,41.09285396508378,178.0,240.0,3.204,-4.32,73.16419889536138
0.18,0.17,0.12,123.3634229583833,34.95263530875019,76.65563066803891,41.70299535928872,157.0,258.0,2.826,-4.644,72.44308110509934
0.17,0.18,0.12,126.63657704161672,34.95263530875019,76.65563066803891,41.70299535928872,140.0,270.0,2.52,-4.86,73.00684899377592
0.16,0.19,0.12,129.89909245378777,33.94815507832919,75.04100904341297,41.09285396508378,126.0,280.0,2.268,-5.04,73.02739212103907
0.15,0.2,0.12,133.13010235415598,31.75358835954819,71.46922979463022,39.71564143508203,,,,,
0.12,0.22,0.12,141.3895403340348,30.845047846496456,69.97272354175345,39.12767569525699,,,,,
0.1,0.23,0.12,146.50143432404792,30.52869048164186,69.44917753517718,38.920487053535325,,,,,
0.07,0.24,0.12,153.73979529168804,31.75358835954819,71.46922979463022,39.71564143508203,,,,,
0.06,0.24,0.12,155.96375653207355,35.19606745133599,77.04502010815916,41.84895265682317,,,,,
0.05,0.24,0.12,158.23171106797935,37.7118257390124,81.02561920862155,43.31379346960915,,,,,
0.08,0.23,0.12,150.82099197418927,39.3957511582537,83.64566045464798,44.249909296394286,,,,,
0.07,0.23,0.12,153.07248693585296,42.3232210621132,88.11566046688534,45.79243940477216,,,,,
0.06,0.23,0.12,155.37912601136833,44.68476135705821,91.64265138016734,46.95789002310912,,,,,
0.05,0.23,0.12,157.73522627210758,46.58988389273451,94.43631755781016,47.84643366507564,,,,,
0.08,0.22,0.12,150.01689347810003,47.60016987455701,95.89897449168244,48.29880461712544,,,,,
0.07,0.22,0.12,152.34987578006988,50.05405478864742,99.39694906527988,49.34289427663245,,,,,
0.06,0.22,0.12,154.74488129694222,52.114186924153806,102.27339679989036,50.15920987573656,,,,,
0.05,0.22,0.12,157.19573393471325,53.81998302307632,104.61314323018884,50.7931602071125,,,,,
0.07,0.21,0.12,151.56505117707798,56.7056852390155,108.4839492322603,51.77826399324479,,,,,
0.06,0.21,0.12,154.05460409907715,58.64768953603138,111.0265266284496,52.37883709241823,-44.0,293.0,-0.792,-5.274,79.92496481075234
0.05,0.21,0.12,156.60750224624888,60.27666668172127,113.12022495664802,52.84355827492675,-53.0,288.0,-0.954,-5.184,79.32212806020776
0.07,0.2,0.12,150.70995378081128,62.77770655973522,116.26487668937423,53.48717012963903,-13.0,276.0,-0.234,-4.968,78.26237921249263
0.06,0.2,0.12,153.30075576600638,64.68349480271478,118.60383497722978,53.920340174515005,,,,,
0.05,0.2,0.12,155.96375653207355,66.29564995849192,120.5434783691598,54.24782841066786,-50.0,269.0,-0.9,-4.842,79.61155694998057
0.07,0.19,0.12,149.77514056883192,68.4987990973867,123.13610137485075,54.63730227746405,-8.0,257.0,-0.144,-4.626,77.87810988975015
0.06,0.19,0.12,152.47443162627712,70.4174211158999,125.33897041744208,54.92154930154217,-31.0,256.0,-0.558,-4.608,78.77182237323191
0.05,0.19,0.12,155.25643716352926,72.05092299080442,127.1739835130118,55.12306052220736,-53.0,251.0,-0.954,-4.518,80.7093550959243
0.06,0.18,0.12,151.56505117707798,75.96397379623532,131.41753867131018,55.45356487507486,-25.0,239.0,-0.45,-4.302,78.71467461661771
0.05,0.18,0.12,154.47588900324575,77.64779647472515,133.17725543248264,55.52945895775749,-43.0,233.0,-0.774,-4.194,78.89233169326408
0.06,0.17,0.12,150.55996517182382,81.39694562718014,136.9516808202597,55.55473519307953,-25.0,222.0,-0.45,-3.996,79.60527620704548
0.05,0.17,0.12,153.6104596659652,83.15599205880758,138.6542090297266,55.498216970918975,-41.0,216.0,-0.738,-3.888,80.26207074328447
0.06,0.16,0.12,149.44395478041653,86.76615186515883,142.01181052023685,55.24565865507803,-22.0,202.0,-0.396,-3.636,76.48529270389177
0.05,0.16,0.12,152.64597536373867,88.62367714064925,143.66804214062938,55.044364999980125,-38.0,200.0,-0.684,-3.6,80.1311425102625
0.06,0.15,0.12,148.19859051364818,92.10497830575515,146.6422365812282,54.537258275473015,-22.0,185.0,-0.396,-3.33,76.48529270389177
0.05,0.15,0.12,151.56505117707798,94.08380395514152,148.2577740429466,54.17397008780505,-34.0,183.0,-0.612,-3.294,79.64923100695951
0.06,0.14,0.12,146.80140948635182,97.43368320999473,150.8697462877992,53.43606307780449,-14.0,168.0,-0.252,-3.024,78.0
0.05,0.14,0.12,150.34617594194668,99.55673522845954,152.44580322609056,52.889067997631024,-26.0,165.0,-0.468,-2.97,76.96752561957543
0.06,0.13,0.12,145.22485943116808,102.76044112817608,154.70883321324737,51.94839208507127,-18.0,154.0,-0.324,-2.772,78.54934754662193
0.05,0.13,0.12,148.9624889745782,105.05080683913772,156.24257846284698,51.19177162370925,-27.0,146.0,-0.486,-2.628,79.20227269466452
0.06,0.12,0.12,143.43494882292202,108.08108375954072,158.165291207637,50.084207448096286,-15.0,134.0,-0.27,-2.412,78.77182237323191
0.05,0.12,0.12,147.38013505195957,110.56165427596392,159.6498794523689,49.08822517640501,-24.0,131.0,-0.432,-2.358,79.30952023559341
0.06,0.11,0.12,141.3895403340348,113.3781308978084,161.23908684547888,47.86095594767048,-16.0,119.0,-0.288,-2.142,78.43468620451031
0.05,0.11,0.12,145.55604521958347,116.07086228602692,162.6635340415101,46.59267175548318,-27.0,111.0,-0.486,-1.998,78.92401408950256
0.05,0.1,0.12,143.43494882292202,121.54446694984355,165.2760867370148,43.73161978717124,-25.0,97.0,-0.45,-1.746,79.12016177940993
0.06,0.1,0.12,139.03624346792648,118.61961415120756,163.92704753857686,45.30743338736932,-9.0,110.0,-0.162,-1.98,77.62087348130012
0.07,0.1,0.12,135.00797980144134,115.32537028508844,162.27841132779272,46.953041042704285,2.0,113.0,0.036,-2.034,76.2954782408499
0.08,0.1,0.12,131.34019174590992,111.720576938281,160.31616249362438,48.59558555534336,16.0,114.0,0.288,-2.052,76.53103945458993
0.09,0.1,0.12,128.01278750418334,107.8600756956438,158.0291339974189,50.16905830177512,27.0,121.0,0.486,-2.178,77.05841939723393
0.1,0.1,0.12,125.0,103.7921505444392,155.40834861469415,51.616198070254974,43.0,120.0,0.774,-2.16,76.10519036176179
0.09,0.11,0.12,130.71059313749964,103.3776328317195,155.12900328134117,51.75137044962168,31.0,129.0,0.558,-2.322,86.20904824900923
0.08,0.11,0.12,133.9726266148964,106.98322596997389,157.48263263254333,50.49940666256946,15.0,127.0,0.27,-2.286,79.63039620647382
0.07,0.11,0.12,137.52880770915152,110.33228740803456,159.51595664743394,49.18366923939941,3.0,121.0,0.054,-2.178,79.42921376924235
0.07,0.12,0.12,139.74356283647074,105.26283824054433,156.3810463850317,51.11820814448741,2.0,136.0,0.036,-2.448,86.83317338436964
0.08,0.12,0.12,136.30993247402023,102.1486369439698,154.28731058245563,52.13867363848584,12.0,142.0,0.216,-2.556,77.46612162745726
0.09,0.12,0.12,133.13010235415598,98.77760954436248,151.87452426188213,53.09691471751963,25.0,146.0,0.45,-2.628,76.6550715869472
0.1,0.12,0.12,130.19442890773482,95.18431288599794,149.13285255025232,53.948539664254376,37.0,152.0,0.666,-2.736,76.23647421018367
0.11,0.11,0.12,125.0,95.5546366515404,149.42357256751137,53.86893591597097,56.0,138.0,1.008,-2.484,86.09297300012354
0.12,0.1,0.12,119.8055710922652,95.18431288599794,149.13285255025232,53.948539664254376,72.0,126.0,1.296,-2.268,85.15867542417507
0.13,0.09,0.12,114.69515353123396,94.08380395514152,148.2577740429466,54.17397008780505,86.0,112.0,1.548,-2.016,75.96051605933177
0.13,0.08,0.12,111.6075022462489,97.24366133222938,150.7256931098296,53.482031777600206,86.0,105.0,1.548,-1.89,77.4919350642375
0.13,0.07,0.12,108.30075576600638,100.14660790798168,152.87285289520293,52.72624498722122,86.0,92.0,1.548,-1.656,78.18567643756751
0.13,0.06,0.12,104.77514056883192,102.76044112817608,154.70883321324737,51.94839208507127,88.0,79.0,1.584,-1.422,76.96752561957543
0.13,0.05,0.12,101.03751102542182,105.05080683913772,156.24257846284698,51.19177162370925,86.0,60.0,1.548,-1.08,77.17512552629896
0.13,0.04,0.12,97.10272896905238,106.98322596997389,157.48263263254333,50.49940666256946,85.0,53.0,1.53,-0.954,76.8505042273634
0.13,0.03,0.12,92.9946167919165,108.5252951310455,158.43702908303507,49.91173395198957,88.0,34.0,1.584,-0.612,76.69419795525604
0.13,0.02,0.12,88.7461622625552,109.648906282437,159.11290525938568,49.463998976948666,87.0,21.0,1.566,-0.378,86.31338250816034
0.13,0.01,0.12,84.39870535499553,110.33228740803456,159.51595664743394,49.18366923939941,87.0,11.0,1.566,-0.198,76.48529270389177
0.13,0.0,0.12,80.0,110.56165427596392,159.6498794523689,49.08822517640501,88.0,2.0,1.584,-0.036,76.60939890117922
0.13,-0.01,0.12,75.60129464500447,110.33228740803456,159.51595664743394,49.18366923939941,86.0,-6.0,1.548,0.108,84.62860036654276
0.13,-0.02,0.12,71.2538377374448,109.648906282437,159.11290525938568,49.463998976948666,85.0,-22.0,1.53,0.396,84.59905436823747
0.13,-0.03,0.12,67.0053832080835,108.5252951310455,158.43702908303507,49.91173395198957,86.0,-36.0,1.548,0.648,75.96051605933177
0.13,-0.04,0.12,62.89727103094762,106.98322596997389,157.48263263254333,50.49940666256946,91.0,-46.0,1.638,0.828,74.63243262818116
0.13,-0.05,0.12,58.96248897457818,105.05080683913772,156.24257846284698,51.19177162370925,87.0,-61.0,1.566,1.098,76.48529270389177
0.13,-0.06,0.12,55.224859431168085,102.76044112817608,154.70883321324737,51.94839208507127,93.0,-70.0,1.674,1.26,75.95393340703298
0.13,-0.07,0.12,51.699244233993625,100.14660790798168,152.87285289520293,52.72624498722122,90.0,-87.0,1.62,1.566,76.16429609731846
0.13,-0.08,0.12,48.3924977537511,97.24366133222938,150.7256931098296,53.482031777600206,92.0,-101.0,1.656,1.818,77.0
0.13,-0.09,0.12,45.30484646876603,94.08380395514152,148.2577740429466,54.17397008780505,94.0,-113.0,1.692,2.034,76.10519036176179
0.13,-0.1,0.12,42.4314079711725,90.69532313946664,145.4582624774506,54.76293933798397,95.0,-129.0,1.71,2.322,75.4254598925323
0.12,-0.11,0.12,37.48955292199916,91.39716985465594,146.0511983670063,54.65402851235038,80.0,-142.0,1.44,2.556,76.48529270389177
0.11,-0.12,0.12,32.510447078000844,91.39716985465594,146.0511983670063,54.65402851235038,65.0,-155.0,1.17,2.79,77.79460135510689
0.1,-0.13,0.12,27.56859202882749,90.69532313946664,145.4582624774506,54.76293933798397,46.0,-168.0,0.828,3.024,78.29431652425353
0.09,-0.14,0.12,22.7352262721076,89.30875964113709,144.2666903041677,54.95793066303061,30.0,-182.0,0.54,3.276,78.54934754662193
0.08,-0.14,0.12,19.744881296942214,92.28288469075476,146.78969941542863,54.50681472467387,13.0,-183.0,0.234,3.294,81.02468759581859
0.07,-0.14,0.12,16.56505117707799,94.99981352443632,148.98730937395703,53.98749584952071,-3.0,-183.0,-0.054,3.294,81.68843247363729
0.06,-0.14,0.12,13.198590513648185,97.43368320999473,150.8697462877992,53.43606307780449,-18.0,-175.0,-0.324,3.15,82.07313811473277
0.05,-0.14,0.12,9.653824058053305,99.55673522845954,152.44580322609056,52.889067997631024,-29.0,-172.0,-0.522,3.096,81.39410298049853
0.06,-0.13,0.12,14.775140568831915,102.76044112817608,154.70883321324737,51.94839208507127,-16.0,-160.0,-0.288,2.88,79.98124780221924
0.05,-0.13,0.12,11.037511025421807,105.05080683913772,156.24257846284698,51.19177162370925,-24.0,-152.0,-0.432,2.736,82.73451516749222
0.06,-0.12,0.12,16.56505117707799,108.08108375954072,158.165291207637,50.084207448096286,-12.0,-139.0,-0.216,2.502,81.83520025025906
0.05,-0.12,0.12,12.61986494804043,110.56165427596392,159.6498794523689,49.08822517640501,-23.0,-137.0,-0.414,2.466,80.65977932030313
0.06,-0.11,0.12,18.61045966596521,113.3781308978084,161.23908684547888,47.86095594767048,-12.0,-123.0,-0.216,2.214,81.40024569987489
0.05,-0.11,0.12,14.443954780416531,116.07086228602692,162.6635340415101,46.59267175548318,-23.0,-116.0,-0.414,2.088,82.97590011563598
0.05,-0.1,0.12,16.56505117707799,121.54446694984355,165.2760867370148,43.73161978717124,-19.0,-102.0,-0.342,1.836,80.60397012554654
0.06,-0.1,0.12,20.96375653207352,118.61961415120756,163.92704753857686,45.30743338736932,-4.0,-115.0,-0.072,2.07,77.6659513557904
0.07,-0.1,0.12,24.992020198558663,115.32537028508844,162.27841132779272,46.953041042704285,8.0,-116.0,0.144,2.088,77.02596964660685
0.08,-0.1,0.12,28.659808254090088,111.720576938281,160.31616249362438,48.59558555534336,24.0,-120.0,0.432,2.16,76.55716818169282
0.09,-0.1,0.12,31.987212495816657,107.8600756956438,158.0291339974189,50.16905830177512,39.0,-120.0,0.702,2.16,76.21679604916491
0.1,-0.1,0.12,35.0,103.7921505444392,155.40834861469415,51.616198070254974,52.0,-119.0,0.936,2.142,76.15773105863909
0.09,-0.11,0.12,29.28940686250036,103.3776328317195,155.12900328134117,51.75137044962168,36.0,-132.0,0.648,2.376,75.76938695805846
0.08,-0.11,0.12,26.02737338510361,106.98322596997389,157.48263263254333,50.49940666256946,23.0,-129.0,0.414,2.322,79.62411694957753
0.07,-0.11,0.12,22.47119229084849,110.33228740803456,159.51595664743394,49.18366923939941,7.0,-126.0,0.126,2.268,81.12336284942828
0.07,-0.12,0.12,20.25643716352927,105.26283824054433,156.3810463850317,51.11820814448741,12.0,-144.0,0.216,2.592,76.8505042273634
0.08,-0.12,0.12,23.690067525979785,102.1486369439698,154.28731058245563,52.13867363848584,22.0,-144.0,0.396,2.592,78.29431652425353
0.09,-0.12,0.12,26.86989764584402,98.77760954436248,151.87452426188213,53.09691471751963,37.0,-147.0,0.666,2.646,77.87810988975015
0.1,-0.12,0.12,29.80557109226519,95.18431288599794,149.13285255025232,53.948539664254376,51.0,-150.0,0.918,2.7,76.89603370785778
0.11,-0.11,0.12,35.0,95.5546366515404,149.42357256751137,53.86893591597097,71.0,-135.0,1.278,2.43,75.92759709091287
0.12,-0.1,0.12,40.1944289077348,95.18431288599794,149.13285255025232,53.948539664254376,82.0,-124.0,1.476,2.232,76.79192665899195
0.12,-0.09,0.12,43.13010235415598,98.77760954436248,151.87452426188213,53.09691471751963,81.0,-113.0,1.458,2.034,79.22752047110903
0.12,-0.08,0.12,46.30993247402021,102.1486369439698,154.28731058245563,52.13867363848584,77.0,-97.0,1.386,1.746,78.00640999302557
0.12,-0.07,0.12,49.74356283647073,105.26283824054433,156.3810463850317,51.11820814448741,76.0,-84.0,1.368,1.512,77.10382610480494
0.12,-0.06,0.12,53.43494882292201,108.08108375954072,158.165291207637,50.084207448096286,72.0,-76.0,1.296,1.368,77.23341245859851
0.12,-0.05,0.12,57.38013505195957,110.56165427596392,159.6498794523689,49.08822517640501,73.0,-62.0,1.314,1.116,77.10382610480494
0.12,-0.04,0.12,61.56505117707799,112.66261880705817,160.84501499283402,48.18239618577587,72.0,-50.0,1.296,0.9,77.3692445355388
0.12,-0.03,0.12,65.96375653207352,114.3444850315014,161.76091583812632,47.41643080662492,71.0,-38.0,1.278,0.684,77.79460135510689
0.12,-0.02,0.12,70.53767779197437,115.57291870009966,162.40707821881256,46.83415951871289,71.0,-27.0,1.278,0.486,77.07788269017254
0.12,-0.01,0.12,75.23635830927383,116.32127325085426,162.79131414791703,46.47004089706277,70.0,-12.0,1.26,0.216,86.28441342444185
0.12,0.0,0.12,80.0,116.5726543201047,162.918789672034,46.3461353519293,72.0,-2.0,1.296,0.036,76.60939890117922
0.12,0.01,0.12,84.76364169072617,116.32127325085426,162.79131414791703,46.47004089706277,71.0,9.0,1.278,-0.162,86.55634003352961
0.12,0.02,0.12,89.46232220802563,115.57291870009966,162.40707821881256,46.83415951871289,69.0,19.0,1.242,-0.342,86.31338250816034
0.12,0.03,0.12,94.03624346792648,114.3444850315014,161.76091583812632,47.41643080662492,74.0,39.0,1.332,-0.702,75.8023746329889
0.12,0.04,0.12,98.434948822922,112.66261880705817,160.84501499283402,48.18239618577587,72.0,49.0,1.296,-0.882,76.8505042273634
0.12,0.05,0.12,102.61986494804044,110.56165427596392,159.6498794523689,49.08822517640501,74.0,54.0,1.332,-0.972,76.15773105863909
0.12,0.06,0.12,106.565051177078,108.08108375954072,158.165291207637,50.084207448096286,71.0,66.0,1.278,-1.188,86.4060183089118
0.12,0.07,0.12,110.25643716352928,105.26283824054433,156.3810463850317,51.11820814448741,70.0,82.0,1.26,-1.476,86.33075929238663
0.12,0.08,0.12,113.6900675259798,102.1486369439698,154.28731058245563,52.13867363848584,75.0,93.0,1.35,-1.674,76.53757247260981
0.12,0.09,0.12,116.86989764584402,98.77760954436248,151.87452426188213,53.09691471751963,72.0,110.0,1.296,-1.98,85.70297544426332
0.11,0.1,0.12,122.27368900609376,99.55673522845954,152.44580322609056,52.889067997631024,56.0,127.0,1.008,-2.286,75.32595834106593
0.1,0.11,0.12,127.72631099390628,99.55673522845954,152.44580322609056,52.889067997631024,42.0,136.0,0.756,-2.448,86.09297300012354
0.11,0.09,0.12,119.28940686250036,103.3776328317195,155.12900328134117,51.75137044962168,55.0,112.0,0.99,-2.016,76.79192665899195
0.11,0.08,0.12,116.0273733851036,106.98322596997389,157.48263263254333,50.49940666256946,57.0,97.0,1.026,-1.746,88.64536084872124
0.11,0.07,0.12,112.47119229084848,110.33228740803456,159.51595664743394,49.18366923939941,52.0,85.0,0.936,-1.53,86.58521813797087
0.11,0.06,0.12,108.6104596659652,113.3781308978084,161.23908684547888,47.86095594767048,55.0,70.0,0.99,-1.26,86.64871608973787
0.11,0.05,0.12,104.44395478041652,116.07086228602692,162.6635340415101,46.59267175548318,50.0,57.0,0.9,-1.026,77.87810988975015
0.11,0.04,0.12,99.98310652189998,118.36017428389415,163.80218537193858,45.44201108804442,54.0,45.0,0.972,-0.81,77.02596964660685
0.11,0.03,0.12,95.25511870305778,120.19852829231576,164.66865798218828,44.470129689872536,48.0,34.0,0.864,-0.612,87.13208364316786
0.11,0.02,0.12,90.30484646876604,121.54446694984358,165.2760867370148,43.73161978717121,56.0,26.0,1.008,-0.468,86.21484790916237
0.11,0.01,0.12,85.1944289077348,122.36573116609338,165.6355522610379,43.26982109494452,49.0,14.0,0.882,-0.252,77.10382610480494
0.11,0.0,0.12,80.0,122.64182877212744,165.75449840717494,43.11266963504746,53.0,3.0,0.954,-0.054,86.21484790916237
0.11,-0.01,0.12,74.8055710922652,122.36573116609338,165.6355522610379,43.26982109494452,53.0,-9.0,0.954,0.162,85.70297544426332
0.11,-0.02,0.12,69.69515353123397,121.54446694984358,165.2760867370148,43.73161978717121,56.0,-22.0,1.008,0.396,77.38862965578342
0.11,-0.03,0.12,64.74488129694222,120.19852829231576,164.66865798218828,44.470129689872536,56.0,-29.0,1.008,0.522,77.62087348130012
0.11,-0.04,0.12,60.016893478100016,118.36017428389415,163.80218537193858,45.44201108804442,66.0,-42.0,1.188,0.756,75.96051605933177
0.11,-0.05,0.12,55.55604521958347,116.07086228602692,162.6635340415101,46.59267175548318,61.0,-54.0,1.098,0.972,75.31268153505093
0.11,-0.06,0.12,51.389540334034784,113.3781308978084,161.23908684547888,47.86095594767048,65.0,-72.0,1.17,1.296,75.1065909225016
0.11,-0.07,0.12,47.52880770915151,110.33228740803456,159.51595664743394,49.18366923939941,65.0,-77.0,1.17,1.386,76.02631123499285
0.11,-0.08,0.12,43.97262661489639,106.98322596997389,157.48263263254333,50.49940666256946,67.0,-96.0,1.206,1.728,75.16648189186454
0.11,-0.09,0.12,40.71059313749964,103.3776328317195,155.12900328134117,51.75137044962168,66.0,-105.0,1.188,1.89,76.6550715869472
0.11,-0.1,0.12,37.72631099390626,99.55673522845954,152.44580322609056,52.889067997631024,67.0,-122.0,1.206,2.196,76.48529270389177
0.1,-0.11,0.12,32.27368900609373,99.55673522845954,152.44580322609056,52.889067997631024,52.0,-136.0,0.936,2.448,75.58438992278762
0.09,-0.13,0.12,24.695153531233963,94.08380395514152,148.2577740429466,54.17397008780505,33.0,-164.0,0.594,2.952,77.89736837660179
0.08,-0.13,0.12,21.6075022462489,97.24366133222938,150.7256931098296,53.482031777600206,17.0,-165.0,0.306,2.97,81.30190649671138
0.07,-0.13,0.12,18.300755766006382,100.14660790798168,152.87285289520293,52.72624498722122,2.0,-163.0,0.036,2.934,81.60882305241266
0.06,-0.15,0.12,11.801409486351815,92.10497830575515,146.6422365812282,54.537258275473015,-12.0,-189.0,-0.216,3.402,78.5175139698144
0.05,-0.15,0.12,8.43494882292201,94.08380395514152,148.2577740429466,54.17397008780505,-30.0,-187.0,-0.54,3.366,80.72174428244226
0.05,-0.16,0.12,7.354024636261329,88.62367714064925,143.66804214062938,55.044364999980125,-26.0,-201.0,-0.468,3.618,79.98124780221924
0.06,-0.16,0.12,10.556045219583469,86.76615186515883,142.01181052023685,55.24565865507803,-8.0,-203.0,-0.144,3.654,77.83315488916018
0.07,-0.16,0.12,13.629377730656811,84.61712771296452,140.03522620892144,55.418098495956926,6.0,-207.0,0.108,3.726,78.74642849044012
0.08,-0.16,0.12,16.56505117707799,82.19302892489164,137.72759367742165,55.53456475253002,19.0,-211.0,0.342,3.798,80.0
0.09,-0.16,0.12,19.357753542791265,79.50832530726561,135.07512834163586,55.566803034370245,38.0,-212.0,0.684,3.816,79.07591289387686
0.1,-0.16,0.12,22.0053832080835,76.57405280956132,132.05973324379266,55.48568043423134,57.0,-213.0,1.026,3.834,78.77182237323191
0.11,-0.15,0.12,26.25383773744479,78.11049018055616,133.6538000853714,55.54330990481523,71.0,-202.0,1.278,3.636,79.30952023559341
0.12,-0.14,0.12,30.601294645004465,79.0406995289464,134.60271324166598,55.56201371271956,83.0,-189.0,1.494,3.402,80.00624975587844
0.13,-0.13,0.12,35.0,79.35225781502139,134.9178056429377,55.56554782791631,103.0,-172.0,1.854,3.096,79.83107164506812
0.14,-0.12,0.12,39.398705354995535,79.0406995289464,134.60271324166598,55.56201371271956,114.0,-160.0,2.052,2.88,79.76214641043707
0.15,-0.11,0.12,43.74616226255521,78.11049018055616,133.6538000853714,55.54330990481523,130.0,-145.0,2.34,2.61,79.1012010022604
0.16,-0.1,0.12,47.994616791916506,76.57405280956132,132.05973324379266,55.48568043423134,143.0,-133.0,2.574,2.394,76.00657866263946
0.16,-0.09,0.12,50.64224645720873,79.50832530726561,135.07512834163586,55.566803034370245,143.0,-117.0,2.574,2.106,78.31347265956222
0.16,-0.08,0.12,53.43494882292201,82.19302892489164,137.72759367742165,55.53456475253002,143.0,-106.0,2.574,1.908,78.5175139698144
0.16,-0.07,0.12,56.37062226934319,84.61712771296452,140.03522620892144,55.418098495956926,140.0,-92.0,2.52,1.656,77.10382610480494
0.16,-0.06,0.12,59.44395478041653,86.76615186515883,142.01181052023685,55.24565865507803,141.0,-77.0,2.538,1.386,76.15773105863909
0.16,-0.05,0.12,62.64597536373868,88.62367714064925,143.66804214062938,55.044364999980125,140.0,-67.0,2.52,1.206,76.24303246854758
0.16,-0.04,0.12,65.96375653207352,90.17273599040084,145.01231472835664,54.8395787379558,136.0,-53.0,2.448,0.954,75.02666192761077
0.16,-0.03,0.12,69.38034472384487,91.39716985465594,146.0511983670063,54.65402851235038,138.0,-34.0,2.484,0.612,76.48529270389177
0.16,-0.02,0.12,72.8749836510982,92.28288469075476,146.78969941542863,54.50681472467387,138.0,-25.0,2.484,0.45,77.41446893184762
0.16,-0.01,0.12,76.42366562500266,92.81894361856295,147.23137468669245,54.41243106812949,138.0,-7.0,2.484,0.126,76.27581530209953
0.16,0.0,0.12,80.0,92.99842032709915,147.3783616969967,54.37994136989753,138.0,3.0,2.484,-0.054,77.20103626247513
0.16,0.01,0.12,83.57633437499734,92.81894361856295,147.23137468669245,54.41243106812949,137.0,15.0,2.466,-0.27,77.23341245859851
0.16,0.02,0.12,87.1250163489018,92.28288469075476,146.78969941542863,54.50681472467387,134.0,30.0,2.412,-0.54,77.07788269017254
0.16,0.03,0.12,90.61965527615511,91.39716985465594,146.0511983670063,54.65402851235038,131.0,40.0,2.358,-0.72,85.7962703152066
0.16,0.04,0.12,94.03624346792648,90.17273599040084,145.01231472835664,54.8395787379558,131.0,58.0,2.358,-1.044,75.0
0.16,0.05,0.12,97.35402463626131,88.62367714064925,143.66804214062938,55.044364999980125,132.0,72.0,2.376,-1.296,84.90583018850944
0.16,0.06,0.12,100.55604521958348,86.76615186515883,142.01181052023685,55.24565865507803,132.0,81.0,2.376,-1.458,75.8023746329889
0.16,0.07,0.12,103.6293777306568,84.61712771296452,140.03522620892144,55.418098495956926,132.0,96.0,2.376,-1.728,85.42833253669417
0.16,0.08,0.12,106.565051177078,82.19302892489164,137.72759367742165,55.53456475253002,133.0,111.0,2.394,-1.998,76.55716818169282
0.16,0.09,0.12,109.35775354279129,79.50832530726561,135.07512834163586,55.566803034370245,132.0,125.0,2.376,-2.25,76.32168761236873
0.16,0.1,0.12,112.00538320808349,76.57405280956132,132.05973324379266,55.48568043423134,129.0,143.0,2.322,-2.574,76.53757247260981
0.15,0.11,0.12,116.2538377374448,78.11049018055616,133.6538000853714,55.54330990481523,115.0,155.0,2.07,-2.79,77.87810988975015
0.14,0.12,0.12,120.60129464500446,79.0406995289464,134.60271324166598,55.56201371271956,98.0,167.0,1.764,-3.006,88.68483523128404
0.13,0.13,0.12,125.0,79.35225781502139,134.9178056429377,55.56554782791631,80.0,182.0,1.44,-3.276,79.05694150420949
0.12,0.14,0.12,129.39870535499554,79.0406995289464,134.60271324166598,55.56201371271956,64.0,192.0,1.152,-3.456,89.20201791439474
0.11,0.15,0.12,133.7461622625552,78.11049018055616,133.6538000853714,55.54330990481523,46.0,202.0,0.828,-3.636,89.94442728707543
0.1,0.16,0.12,137.99461679191648,76.57405280956132,132.05973324379266,55.48568043423134,36.0,214.0,0.648,-3.852,77.46612162745726
0.09,0.16,0.12,140.64224645720873,79.50832530726561,135.07512834163586,55.566803034370245,20.0,213.0,0.36,-3.834,79.81227975693966
0.08,0.16,0.12,143.43494882292202,82.19302892489164,137.72759367742165,55.53456475253002,2.0,211.0,0.036,-3.798,79.71198153351854
0.07,0.16,0.12,146.3706222693432,84.61712771296452,140.03522620892144,55.418098495956926,-12.0,206.0,-0.216,-3.708,78.92401408950256
0.08,0.15,0.12,141.92751306414704,87.26902978883984,142.46496844209707,55.19593865325725,11.0,190.0,0.198,-3.42,77.88452991448301
0.07,0.15,0.12,144.98310652189997,89.8261093982419,144.7144221506847,54.88831275244282,-7.0,189.0,-0.126,-3.402,88.02272433866155
0.08,0.14,0.12,140.25511870305778,92.28288469075476,146.78969941542863,54.50681472467387,10.0,176.0,0.18,-3.168,78.84795495128583
0.07,0.14,0.12,143.43494882292202,94.99981352443632,148.98730937395703,53.98749584952071,-5.0,174.0,-0.09,-3.132,89.19641248391103
0.08,0.13,0.12,138.39249775375112,97.24366133222938,150.7256931098296,53.482031777600206,8.0,161.0,0.144,-2.898,77.62087348130012
0.07,0.13,0.12,141.69924423399362,100.14660790798168,152.87285289520293,52.72624498722122,-3.0,156.0,-0.054,-2.808,79.40403012442127
0.09,0.13,0.12,135.30484646876604,94.08380395514152,148.2577740429466,54.17397008780505,24.0,160.0,0.432,-2.88,86.31338250816034
0.1,0.13,0.12,132.43140797117252,90.69532313946664,145.4582624774506,54.76293933798397,40.0,164.0,0.72,-2.952,86.46964785403026
0.11,0.12,0.12,127.48955292199916,91.39716985465594,146.0511983670063,54.65402851235038,58.0,152.0,1.044,-2.736,76.05918747922567
0.12,0.11,0.12,122.51044707800084,91.39716985465594,146.0511983670063,54.65402851235038,72.0,142.0,1.296,-2.556,76.4198926981712
0.13,0.1,0.12,117.5685920288275,90.69532313946664,145.4582624774506,54.76293933798397,85.0,129.0,1.53,-2.322,86.49277426467485
0.14,0.09,0.12,112.7352262721076,89.30875964113709,144.2666903041677,54.95793066303061,103.0,115.0,1.854,-2.07,84.77027781009096
0.14,0.08,0.12,109.74488129694222,92.28288469075476,146.78969941542863,54.50681472467387,105.0,105.0,1.89,-1.89,76.89603370785778
0.14,0.07,0.12,106.565051177078,94.99981352443632,148.98730937395703,53.98749584952071,108.0,90.0,1.944,-1.62,76.96752561957543
0.14,0.06,0.12,103.19859051364818,97.43368320999473,150.8697462877992,53.43606307780449,102.0,77.0,1.836,-1.386,86.31338250816034
0.14,0.05,0.12,99.65382405805332,99.55673522845954,152.44580322609056,52.889067997631024,104.0,63.0,1.872,-1.134,76.8505042273634
0.14,0.04,0.12,95.94539590092285,101.34106175399248,153.72323039629327,52.38216864230078,102.0,51.0,1.836,-0.918,77.42092740338364
0.14,0.03,0.12,92.0947570770121,102.76044112817608,154.70883321324737,51.94839208507127,104.0,38.0,1.872,-0.684,76.69419795525604
0.14,0.02,0.12,88.13010235415598,103.7921505444392,155.40834861469415,51.616198070254974,104.0,26.0,1.872,-0.468,77.07788269017254
0.14,0.01,0.12,84.08561677997487,104.4186094475126,155.8261878771608,51.40757842964821,101.0,17.0,1.818,-0.306,85.70297544426332
0.14,0.0,0.12,80.0,104.62869756798486,155.96514767111358,51.33645010312873,104.0,1.0,1.872,-0.018,76.40026177965623
0.14,-0.01,0.12,75.91438322002513,104.4186094475126,155.8261878771608,51.40757842964821,103.0,-13.0,1.854,0.234,76.8505042273634
0.14,-0.02,0.12,71.86989764584402,103.7921505444392,155.40834861469415,51.616198070254974,102.0,-28.0,1.836,0.504,76.92203845452875
0.14,-0.03,0.12,67.9052429229879,102.76044112817608,154.70883321324737,51.94839208507127,104.0,-41.0,1.872,0.738,76.32168761236873
0.14,-0.04,0.12,64.05460409907715,101.34106175399248,153.72323039629327,52.38216864230078,104.0,-49.0,1.872,0.882,75.27283706623525
0.14,-0.05,0.12,60.34617594194669,99.55673522845954,152.44580322609056,52.889067997631024,106.0,-63.0,1.908,1.134,83.43260753446461
0.14,-0.06,0.12,56.801409486351815,97.43368320999473,150.8697462877992,53.43606307780449,104.0,-78.0,1.872,1.404,76.11832893594026
0.14,-0.07,0.12,53.43494882292201,94.99981352443632,148.98730937395703,53.98749584952071,110.0,-88.0,1.98,1.584,84.5931439302264
0.14,-0.08,0.12,50.255118703057775,92.28288469075476,146.78969941542863,54.50681472467387,110.0,-103.0,1.98,1.854,75.1065909225016
0.14,-0.09,0.12,47.2647737278924,89.30875964113709,144.2666903041677,54.95793066303061,108.0,-118.0,1.944,2.124,75.0066663703967
0.14,-0.1,0.12,44.46232220802562,86.09980676955018,141.40587832411413,55.30607155456396,108.0,-132.0,1.944,2.376,76.23647421018367
0.13,-0.11,0.12,39.76364169072618,87.10110165024413,142.31403814814533,55.2129364979012,92.0,-147.0,1.656,2.646,77.10382610480494
0.12,-0.12,0.12,35.0,87.43726353453387,142.61577677772152,55.17851324318767,82.0,-156.0,1.476,2.808,76.90253571892151
0.11,-0.13,0.12,30.236358309273815,87.10110165024413,142.31403814814533,55.2129364979012,65.0,-170.0,1.17,3.06,77.4919350642375
0.1,-0.14,0.12,25.53767779197438,86.09980676955018,141.40587832411413,55.30607155456396,46.0,-184.0,0.828,3.312,78.26237921249263
0.09,-0.15,0.12,20.96375653207352,84.45374712679643,139.88229784182084,55.4285507150244,28.0,-201.0,0.504,3.618,78.77182237323191
0.08,-0.15,0.12,18.07248693585296,87.26902978883984,142.46496844209707,55.19593865325725,15.0,-198.0,0.27,3.564,81.8413098624405
0.07,-0.15,0.12,15.01689347810003,89.8261093982419,144.7144221506847,54.88831275244282,5.0,-195.0,0.09,3.51,79.64923100695951
0.05,-0.17,0.12,6.389540334034777,83.15599205880758,138.6542090297266,55.498216970918975,-32.0,-219.0,-0.576,3.942,80.15609770940699
0.06,-0.17,0.12,9.440034828176197,81.39694562718014,136.9516808202597,55.55473519307953,-11.0,-224.0,-0.198,4.032,79.90619500389191
0.07,-0.17,0.12,12.38013505195957,79.35225781502139,134.9178056429377,55.56554782791631,4.0,-225.0,0.072,4.05,80.05623023850174
0.08,-0.17,0.12,15.20112364547508,77.03324946481085,132.53964205659332,55.50639259178247,19.0,-228.0,0.342,4.104,79.81227975693966
0.09,-0.17,0.12,17.897271030947614,74.4489152435157,129.80005104602284,55.35113580250714,35.0,-232.0,0.63,4.176,79.88116173416608
0.1,-0.17,0.12,20.465544919459877,71.60434654383688,126.67602442541794,55.071677881581046,53.0,-234.0,0.954,4.212,78.03204469959762
0.11,-0.16,0.12,24.5085229876684,73.39618428915121,128.65713540683265,55.26095111768142,72.0,-220.0,1.296,3.96,80.52949770115296
0.12,-0.15,0.12,28.659808254090088,74.59980724353235,129.96259296272322,55.36278571919087,87.0,-207.0,1.566,3.726,78.77182237323191
0.13,-0.14,0.12,32.87890360333854,75.20470705383993,130.610979080891,55.406272027051074,102.0,-192.0,1.836,3.456,80.0812087820857
0.14,-0.13,0.12,37.12109639666146,75.20470705383993,130.610979080891,55.406272027051074,118.0,-176.0,2.124,3.168,79.2464510246358
0.15,-0.12,0.12,41.34019174590991,74.59980724353235,129.96259296272322,55.36278571919087,129.0,-164.0,2.322,2.952,78.40918313565064
0.16,-0.11,0.12,45.4914770123316,73.39618428915121,128.65713540683265,55.26095111768142,145.0,-149.0,2.61,2.682,78.02563681252464
0.17,-0.1,0.12,49.53445508054012,71.60434654383688,126.67602442541794,55.071677881581046,160.0,-135.0,2.88,2.43,76.10519036176179
0.17,-0.09,0.12,52.10272896905238,74.4489152435157,129.80005104602284,55.35113580250714,163.0,-119.0,2.934,2.142,78.63841300535
0.17,-0.08,0.12,54.798876354524936,77.03324946481085,132.53964205659332,55.50639259178247,159.0,-108.0,2.862,1.944,78.08969202141856
0.17,-0.07,0.12,57.61986494804043,79.35225781502139,134.9178056429377,55.56554782791631,158.0,-90.0,2.844,1.62,76.68767828015137
0.17,-0.06,0.12,60.55996517182381,81.39694562718014,136.9516808202597,55.55473519307953,157.0,-80.0,2.826,1.44,77.62087348130012
0.17,-0.05,0.12,63.610459665965216,83.15599205880758,138.6542090297266,55.498216970918975,155.0,-64.0,2.79,1.152,77.1621668954417
0.17,-0.04,0.12,66.7594800848128,84.61712771296452,140.03522620892144,55.418098495956926,153.0,-54.0,2.754,0.972,75.02666192761077
0.17,-0.03,0.12,69.99202019855866,85.76837111303685,141.1021683404188,55.33379722738198,154.0,-40.0,2.772,0.72,75.58438992278762
0.17,-0.02,0.12,73.29016319224307,86.59912509053613,141.86051257578146,55.26138748524532,154.0,-23.0,2.772,0.414,77.02596964660685
0.17,-0.01,0.12,76.6335393365702,87.10110165024413,142.31403814814533,55.2129364979012,152.0,-8.0,2.736,0.144,77.10382610480494
0.17,0.0,0.12,80.0,87.26902978883983,142.46496844209707,55.19593865325725,151.0,8.0,2.718,-0.144,77.00649323271382
0.17,0.01,0.12,83.3664606634298,87.10110165024413,142.31403814814533,55.2129364979012,151.0,13.0,2.718,-0.234,77.33692520394123
0.17,0.02,0.12,86.70983680775693,86.59912509053613,141.86051257578146,55.26138748524532,148.0,29.0,2.664,-0.522,75.66372975210778
0.17,0.03,0.12,90.00797980144134,85.76837111303685,141.1021683404188,55.33379722738198,150.0,48.0,2.7,-0.864,75.82216034906945
0.17,0.04,0.12,93.2405199151872,84.61712771296452,140.03522620892144,55.418098495956926,147.0,58.0,2.646,-1.044,75.43208866258443
0.17,0.05,0.12,96.3895403340348,83.15599205880758,138.6542090297266,55.498216970918975,147.0,73.0,2.646,-1.314,76.55063683601855
0.17,0.06,0.12,99.44003482817618,81.39694562718014,136.9516808202597,55.55473519307953,148.0,89.0,2.664,-1.602,77.17512552629896
0.17,0.07,0.12,102.38013505195956,79.35225781502139,134.9178056429377,55.56554782791631,147.0,100.0,2.646,-1.8,76.94153624668537
0.17,0.08,0.12,105.20112364547506,77.03324946481085,132.53964205659332,55.50639259178247,145.0,117.0,2.61,-2.106,86.4060183089118
0.17,0.09,0.12,107.89727103094762,74.4489152435157,129.80005104602284,55.35113580250714,152.0,126.0,2.736,-2.268,76.15773105863909
0.17,0.1,0.12,110.46554491945987,71.60434654383688,126.67602442541794,55.071677881581046,149.0,145.0,2.682,-2.61,76.55063683601855
0.16,0.11,0.12,114.5085229876684,73.39618428915121,128.65713540683265,55.26095111768142,133.0,158.0,2.394,-2.844,87.80091115700337
0.15,0.12,0.12,118.65980825409008,74.59980724353235,129.96259296272322,55.36278571919087,117.0,173.0,2.106,-3.114,87.29833904490967
0.14,0.13,0.12,122.87890360333854,75.20470705383993,130.610979080891,55.406272027051074,98.0,185.0,1.764,-3.33,78.31347265956222
0.13,0.14,0.12,127.12109639666146,75.20470705383993,130.610979080891,55.406272027051074,80.0,197.0,1.44,-3.546,77.02596964660685
0.12,0.15,0.12,131.34019174590992,74.59980724353235,129.96259296272322,55.36278571919087,61.0,207.0,1.098,-3.726,89.45389874119518
0.11,0.16,0.12,135.4914770123316,73.39618428915121,128.65713540683265,55.26095111768142,48.0,219.0,0.864,-3.942,78.08969202141856
0.1,0.17,0.12,139.5344550805401,71.60434654383688,126.67602442541794,55.071677881581046,35.0,231.0,0.63,-4.158,77.87810988975015
0.09,0.17,0.12,142.10272896905238,74.4489152435157,129.80005104602284,55.35113580250714,13.0,234.0,0.234,-4.212,89.49301648732151
0.08,0.17,0.12,144.7988763545249,77.03324946481085,132.53964205659332,55.50639259178247,3.0,227.0,0.054,-4.086,89.5377015563835
0.07,0.17,0.12,147.61986494804043,79.35225781502139,134.9178056429377,55.56554782791631,-15.0,224.0,-0.27,-4.032,79.7057087039567
0.07,0.18,0.12,148.74949449286677,73.99700743794199,129.31133745722235,55.31433001928036,-9.0,237.0,-0.162,-4.266,77.07788269017254
0.08,0.18,0.12,146.0375110254218,71.75310994034804,126.84221457284508,55.08910463249704,4.0,241.0,0.072,-4.338,77.83315488916018
0.09,0.18,0.12,143.43494882292202,69.23545318855845,123.98795527301952,54.75250208446107,25.0,245.0,0.45,-4.41,77.20103626247513
0.1,0.18,0.12,140.94539590092285,66.44229789481001,120.71813785617,54.27583996135999,40.0,248.0,0.72,-4.464,77.12976079309465
0.11,0.17,0.12,137.0947570770121,68.4987990973867,123.13610137485075,54.63730227746405,51.0,238.0,0.918,-4.284,77.46612162745726
0.12,0.16,0.12,133.13010235415598,69.97365536312113,124.83402044094788,54.86036507782676,66.0,231.0,1.188,-4.158,77.64663547121665
0.13,0.15,0.12,129.08561677997488,70.86188411559984,125.8419578458123,54.98007373021247,83.0,215.0,1.494,-3.87,77.10382610480494
0.14,0.14,0.12,125.0,71.15860585595047,126.17621365158774,55.01760779563728,102.0,198.0,1.836,-3.564,76.32168761236873
0.15,0.13,0.12,120.91438322002512,70.86188411559984,125.8419578458123,54.98007373021247,118.0,182.0,2.124,-3.276,76.79192665899195
0.16,0.12,0.12,116.86989764584402,69.97365536312113,124.83402044094788,54.86036507782676,133.0,168.0,2.394,-3.024,75.92759709091287
0.17,0.11,0.12,112.9052429229879,68.4987990973867,123.13610137485075,54.63730227746405,147.0,157.0,2.646,-2.826,86.40023148117139
0.18,0.1,0.12,109.05460409907715,66.44229789481001,120.71813785617,54.27583996135999,168.0,145.0,3.024,-2.61,76.32168761236873
0.18,0.09,0.12,106.565051177078,69.23545318855845,123.98795527301952,54.75250208446107,170.0,128.0,3.06,-2.304,76.96752561957543
0.18,0.08,0.12,103.96248897457818,71.75310994034804,126.84221457284508,55.08910463249704,171.0,114.0,3.078,-2.052,76.05918747922567
0.18,0.07,0.12,101.25050550713324,73.99700743794199,129.31133745722235,55.31433001928036,171.0,98.0,3.078,-1.764,76.66159403508382
0.18,0.06,0.12,98.434948822922,75.96397379623532,131.41753867131018,55.45356487507486,170.0,83.0,3.06,-1.494,85.98255637046388
0.18,0.05,0.12,95.52411099675426,77.64779647472515,133.17725543248264,55.52945895775749,168.0,68.0,3.024,-1.224,86.6083136886985
0.18,0.04,0.12,92.52880770915152,79.0406995289464,134.60271324166598,55.56201371271956,167.0,53.0,3.006,-0.954,77.98717843338096
0.18,0.03,0.12,89.46232220802561,80.13456609909369,135.70294770879343,55.56838160969973,169.0,40.0,3.042,-0.72,78.49203781276162
0.18,0.02,0.12,86.3401917459099,80.92195893999266,136.4844685034288,55.562509563436144,169.0,28.0,3.042,-0.504,77.15568676384133
0.18,0.01,0.12,83.17983011986423,81.39694562718014,136.9516808202597,55.55473519307953,170.0,16.0,3.06,-0.288,76.83749084919418
0.18,0.0,0.12,80.0,81.55571259377567,137.1071390655247,55.55142647174904,169.0,0.0,3.042,0.0,76.84399781375251
0.18,-0.01,0.12,76.82016988013577,81.39694562718014,136.9516808202597,55.55473519307953,168.0,-17.0,3.024,0.306,76.32168761236873
0.18,-0.02,0.12,73.6598082540901,80.92195893999266,136.4844685034288,55.562509563436144,167.0,-29.0,3.006,0.522,76.05918747922567
0.18,-0.03,0.12,70.53767779197439,80.13456609909369,135.70294770879343,55.56838160969973,166.0,-42.0,2.988,0.756,76.96752561957543
0.18,-0.04,0.12,67.47119229084849,79.0406995289464,134.60271324166598,55.56201371271956,166.0,-57.0,2.988,1.026,75.96051605933177
0.18,-0.05,0.12,64.47588900324574,77.64779647472515,133.17725543248264,55.52945895775749,169.0,-70.0,3.042,1.26,75.8946638440411
0.18,-0.06,0.12,61.56505117707799,75.96397379623532,131.41753867131018,55.45356487507486,171.0,-83.0,3.078,1.494,76.6550715869472
0.18,-0.07,0.12,58.74949449286676,73.99700743794199,129.31133745722235,55.31433001928036,171.0,-100.0,3.078,1.8,76.48529270389177
0.18,-0.08,0.12,56.03751102542181,71.75310994034804,126.84221457284508,55.08910463249704,173.0,-112.0,3.114,2.016,76.94153624668537
0.18,-0.09,0.12,53.43494882292201,69.23545318855845,123.98795527301952,54.75250208446107,173.0,-127.0,3.114,2.286,76.53103945458993
0.18,-0.1,0.12,50.94539590092285,66.44229789481001,120.71813785617,54.27583996135999,173.0,-146.0,3.114,2.628,77.10382610480494
0.17,-0.11,0.12,47.094757077012105,68.4987990973867,123.13610137485075,54.63730227746405,161.0,-155.0,2.898,2.79,78.0
0.16,-0.12,0.12,43.13010235415598,69.97365536312113,124.83402044094788,54.86036507782676,149.0,-171.0,2.682,3.078,79.22752047110903
0.15,-0.13,0.12,39.08561677997487,70.86188411559984,125.8419578458123,54.98007373021247,134.0,-182.0,2.412,3.276,78.91767862779544
0.14,-0.14,0.12,35.0,71.15860585595047,126.17621365158774,55.01760779563728,114.0,-196.0,2.052,3.528,78.33900688673555
0.13,-0.15,0.12,30.914383220025123,70.86188411559984,125.8419578458123,54.98007373021247,90.0,-214.0,1.62,3.852,79.12016177940993
0.12,-0.16,0.12,26.869897645844013,69.97365536312113,124.83402044094788,54.86036507782676,74.0,-228.0,1.332,4.104,79.62411694957753
0.11,-0.17,0.12,22.90524292298789,68.4987990973867,123.13610137485075,54.63730227746405,58.0,-240.0,1.044,4.32,79.75587752636166
0.1,-0.18,0.12,19.05460409907714,66.44229789481001,120.71813785617,54.27583996135999,43.0,-256.0,0.774,4.608,79.05694150420949
0.09,-0.18,0.12,16.56505117707799,69.23545318855845,123.98795527301952,54.75250208446107,22.0,-257.0,0.396,4.626,82.61961026293939
0.08,-0.18,0.12,13.962488974578193,71.75310994034804,126.84221457284508,55.08910463249704,5.0,-256.0,0.09,4.608,80.72174428244226
0.07,-0.18,0.12,11.25050550713324,73.99700743794199,129.31133745722235,55.31433001928036,-4.0,-248.0,-0.072,4.464,82.75868534480233
0.06,-0.18,0.12,8.43494882292201,75.96397379623532,131.41753867131018,55.45356487507486,-25.0,-246.0,-0.45,4.428,82.80700453464067
0.05,-0.18,0.12,5.52411099675426,77.64779647472515,133.17725543248264,55.52945895775749,-40.0,-242.0,-0.72,4.356,81.68843247363729
0.05,-0.19,0.12,4.74356283647073,72.05092299080442,127.1739835130118,55.12306052220736,-30.0,-253.0,-0.54,4.554,80.15609770940699
0.06,-0.19,0.12,7.5255683737228765,70.4174211158999,125.33897041744208,54.92154930154217,-12.0,-258.0,-0.216,4.644,79.19595949289332
0.07,-0.19,0.12,10.224859431168085,68.4987990973867,123.13610137485075,54.63730227746405,6.0,-260.0,0.108,4.68,79.98124780221924
0.08,-0.19,0.12,12.833654177917552,66.29564995849194,120.5434783691598,54.24782841066786,15.0,-265.0,0.27,4.77,80.15609770940699
0.09,-0.19,0.12,15.346175941946695,63.80423290830221,117.53090399613272,53.72667108783051,32.0,-268.0,0.576,4.824,79.81227975693966
0.1,-0.19,0.12,17.75854060106002,61.013918832651726,114.05602578046624,53.0421069478145,47.0,-269.0,0.846,4.842,80.7093550959243
0.11,-0.18,0.12,21.42956561483851,63.3644290988825,116.9902527483729,53.6258236494904,66.0,-260.0,1.188,4.68,81.49233092751734
0.12,-0.17,0.12,25.217592968192704,65.12307303010735,119.13625609594727,54.01318306583995,85.0,-238.0,1.53,4.284,81.02468759581859
0.13,-0.16,0.12,29.093858886229505,66.29564995849194,120.5434783691598,54.24782841066786,104.0,-225.0,1.872,4.05,80.99382692526635
0.14,-0.15,0.12,33.025065989118026,66.88239283549285,121.24051215034898,54.358119314856125,120.0,-209.0,2.16,3.762,79.81227975693966
0.15,-0.14,0.12,36.97493401088197,66.88239283549285,121.24051215034898,54.358119314856125,131.0,-198.0,2.358,3.564,79.62411694957753
0.16,-0.13,0.12,40.9061411137705,66.29564995849194,120.5434783691598,54.24782841066786,147.0,-181.0,2.646,3.258,79.51100552753688
0.17,-0.12,0.12,44.78240703180729,65.12307303010735,119.13625609594727,54.01318306583995,158.0,-167.0,2.844,3.006,79.05694150420949
0.18,-0.11,0.12,48.57043438516149,63.3644290988825,116.9902527483729,53.6258236494904,177.0,-155.0,3.186,2.79,77.05841939723393
0.19,-0.1,0.12,52.24145939893998,61.013918832651726,114.05602578046624,53.0421069478145,191.0,-141.0,3.438,2.538,76.4198926981712
0.19,-0.09,0.12,54.65382405805331,63.80423290830221,117.53090399613272,53.72667108783051,195.0,-126.0,3.51,2.268,78.08969202141856
0.19,-0.08,0.12,57.166345822082455,66.29564995849194,120.5434783691598,54.24782841066786,194.0,-104.0,3.492,1.872,77.87810988975015
0.19,-0.07,0.12,59.77514056883192,68.4987990973867,123.13610137485075,54.63730227746405,191.0,-96.0,3.438,1.728,77.3692445355388
0.19,-0.06,0.12,62.47443162627713,70.4174211158999,125.33897041744208,54.92154930154217,191.0,-78.0,3.438,1.404,77.79460135510689
0.19,-0.05,0.12,65.25643716352927,72.05092299080442,127.1739835130118,55.12306052220736,188.0,-65.0,3.384,1.17,78.18567643756751
0.19,-0.04,0.12,68.11134196037203,73.39618428915121,128.65713540683265,55.26095111768142,190.0,-48.0,3.42,0.864,86.31338250816034
0.19,-0.03,0.12,71.0273733851036,74.4489152435157,129.80005104602284,55.35113580250714,189.0,-34.0,3.402,0.612,76.53757247260981
0.19,-0.02,0.12,73.99099404250548,75.20470705383993,130.610979080891,55.406272027051074,188.0,-26.0,3.384,0.468,77.52418977325722
0.19,-0.01,0.12,76.98721249581666,75.65983455821281,131.0954301173445,55.43559555913168,186.0,-7.0,3.348,0.126,76.27581530209953
0.19,0.0,0.12,80.0,75.81183078672105,131.25656954958862,55.44473876286758,185.0,11.0,3.33,-0.198,76.83749084919418
0.19,0.01,0.12,83.01278750418334,75.65983455821281,131.0954301173445,55.43559555913168,183.0,23.0,3.294,-0.414,76.48529270389177
0.19,0.02,0.12,86.00900595749452,75.20470705383993,130.610979080891,55.406272027051074,182.0,38.0,3.276,-0.684,77.07788269017254
0.19,0.03,0.12,88.9726266148964,74.4489152435157,129.80005104602284,55.35113580250714,183.0,45.0,3.294,-0.81,77.10382610480494
0.19,0.04,0.12,91.88865803962796,73.39618428915121,128.65713540683265,55.26095111768142,183.0,61.0,3.294,-1.098,75.92759709091287
0.19,0.05,0.12,94.74356283647072,72.05092299080442,127.1739835130118,55.12306052220736,177.0,75.0,3.186,-1.35,86.02325267042627
0.19,0.06,0.12,97.52556837372288,70.4174211158999,125.33897041744208,54.92154930154217,181.0,92.0,3.258,-1.656,76.55063683601855
0.19,0.07,0.12,100.22485943116808,68.4987990973867,123.13610137485075,54.63730227746405,179.0,105.0,3.222,-1.89,85.47514258543241
0.19,0.08,0.12,102.83365417791754,66.29564995849194,120.5434783691598,54.24782841066786,182.0,119.0,3.276,-2.142,76.05918747922567
0.19,0.09,0.12,105.34617594194668,63.80423290830221,117.53090399613272,53.72667108783051,181.0,138.0,3.258,-2.484,76.55716818169282
0.19,0.1,0.12,107.75854060106002,61.013918832651726,114.05602578046624,53.0421069478145,180.0,146.0,3.24,-2.628,86.7294644281861
0.18,0.11,0.12,111.42956561483852,63.3644290988825,116.9902527483729,53.6258236494904,169.0,162.0,3.042,-2.916,79.05694150420949
0.17,0.12,0.12,115.21759296819272,65.12307303010735,119.13625609594727,54.01318306583995,144.0,180.0,2.592,-3.24,79.07591289387686
0.16,0.13,0.12,119.0938588862295,66.29564995849194,120.5434783691598,54.24782841066786,129.0,195.0,2.322,-3.51,77.92945527847606
0.15,0.14,0.12,123.02506598911802,66.88239283549285,121.24051215034898,54.358119314856125,109.0,208.0,1.962,-3.744,77.23341245859851
0.14,0.15,0.12,126.97493401088198,66.88239283549285,121.24051215034898,54.358119314856125,98.0,216.0,1.764,-3.888,78.02563681252464
0.13,0.16,0.12,130.9061411137705,66.29564995849194,120.5434783691598,54.24782841066786,79.0,228.0,1.422,-4.104,78.23042886243178
0.12,0.17,0.12,134.78240703180728,65.12307303010735,119.13625609594727,54.01318306583995,62.0,237.0,1.116,-4.266,78.77182237323191
0.11,0.18,0.12,138.5704343851615,63.3644290988825,116.9902527483729,53.6258236494904,45.0,255.0,0.81,-4.59,78.33900688673555
0.1,0.19,0.12,142.24145939893998,61.013918832651726,114.05602578046624,53.0421069478145,25.0,268.0,0.45,-4.824,88.54377448471462
0.09,0.19,0.12,144.65382405805332,63.80423290830221,117.53090399613272,53.72667108783051,13.0,268.0,0.234,-4.824,88.95504482602435
0.08,0.19,0.12,147.16634582208246,66.29564995849194,120.5434783691598,54.24782841066786,-7.0,263.0,-0.126,-4.734,80.11242100947892
0.08,0.2,0.12,148.19859051364818,60.57177137704839,113.49568713622472,52.923915759176325,-6.0,277.0,-0.108,-4.986,77.47257579298626
0.09,0.2,0.12,145.77225468204583,58.05237025006518,110.25246756094486,52.20009731087968,15.0,281.0,0.27,-5.058,77.25283166331187
0.1,0.2,0.12,143.43494882292202,55.195185738387394,106.4715583977292,51.27637265934181,30.0,285.0,0.54,-5.13,74.94664769020693
0.11,0.19,0.12,139.93141717813756,57.90325338924232,110.0578354599475,52.154582070705175,51.0,272.0,0.918,-4.896,76.40026177965623
0.12,0.18,0.12,136.30993247402023,59.98126520092005,112.7432061278122,52.76194092689212,63.0,262.0,1.134,-4.716,77.27871634544663
0.13,0.17,0.12,132.59464336859145,61.45551770423751,114.6130238047996,53.15750610056211,81.0,247.0,1.458,-4.446,87.69264507357501
0.14,0.16,0.12,128.81407483429035,62.33734478465439,115.71736255639188,53.38001777173749,100.0,232.0,1.8,-4.176,77.05841939723393
0.15,0.15,0.12,125.0,62.6309537116024,116.08270855354476,53.45175484194237,114.0,220.0,2.052,-3.96,77.10382610480494
0.16,0.14,0.12,121.18592516570963,62.33734478465439,115.71736255639188,53.38001777173749,131.0,205.0,2.358,-3.69,76.53103945458993
0.17,0.13,0.12,117.40535663140857,61.45551770423751,114.6130238047996,53.15750610056211,147.0,193.0,2.646,-3.474,75.50496672405067
0.18,0.12,0.12,113.6900675259798,59.98126520092005,112.7432061278122,52.76194092689212,168.0,177.0,3.024,-3.186,75.0
0.19,0.11,0.12,110.06858282186244,57.90325338924232,110.0578354599475,52.154582070705175,179.0,167.0,3.222,-3.006,77.1621668954417
0.2,0.1,0.12,106.565051177078,55.195185738387394,106.4715583977292,51.27637265934181,198.0,152.0,3.564,-2.736,76.15773105863909
0.2,0.09,0.12,104.22774531795416,58.05237025006518,110.25246756094486,52.20009731087968,201.0,137.0,3.618,-2.466,76.92203845452875
0.2,0.08,0.12,101.80140948635182,60.57177137704839,113.49568713622472,52.923915759176325,205.0,116.0,3.69,-2.088,76.66159403508382
0.2,0.07,0.12,99.29004621918874,62.77770655973522,116.26487668937423,53.48717012963903,202.0,104.0,3.636,-1.872,76.8505042273634
0.2,0.06,0.12,96.69924423399362,64.68349480271478,118.60383497722978,53.920340174515005,202.0,88.0,3.636,-1.584,86.2670273047588
0.2,0.05,0.12,94.03624346792648,66.29564995849192,120.5434783691598,54.24782841066786,200.0,78.0,3.6,-1.404,85.80209787645055
0.2,0.04,0.12,91.3099324740202,67.61651118999416,122.10591614215046,54.48940495215631,204.0,58.0,3.672,-1.044,75.7429864739964
0.2,0.03,0.12,88.53076560994813,68.64601783285391,123.30694592729412,54.660928094440216,205.0,42.0,3.69,-0.756,75.66372975210778
0.2,0.02,0.12,85.71059313749964,69.38296195435734,124.15762438810356,54.774662433746215,204.0,26.0,3.672,-0.468,76.57675887630658
0.2,0.01,0.12,82.86240522611175,69.82587936458397,124.66526006799222,54.83938070340826,204.0,11.0,3.672,-0.198,77.00649323271382
0.2,0.0,0.12,80.0,69.97365536312113,124.83402044094788,54.86036507782676,204.0,4.0,3.672,-0.072,77.42092740338364
0.2,-0.01,0.12,77.13759477388825,69.82587936458397,124.66526006799222,54.83938070340826,204.0,-15.0,3.672,0.27,76.8505042273634
0.2,-0.02,0.12,74.28940686250036,69.38296195435734,124.15762438810356,54.774662433746215,203.0,-30.0,3.654,0.54,77.02596964660685
0.2,-0.03,0.12,71.46923439005187,68.64601783285391,123.30694592729412,54.660928094440216,201.0,-46.0,3.618,0.828,77.38862965578342
0.2,-0.04,0.12,68.69006752597979,67.61651118999416,122.10591614215046,54.48940495215631,201.0,-56.0,3.618,1.008,75.76938695805846
0.2,-0.05,0.12,65.96375653207352,66.29564995849192,120.5434783691598,54.24782841066786,202.0,-75.0,3.636,1.35,76.21679604916491
0.2,-0.06,0.12,63.300755766006375,64.68349480271478,118.60383497722978,53.920340174515005,203.0,-83.0,3.654,1.494,87.28115489611719
0.2,-0.07,0.12,60.70995378081126,62.77770655973522,116.26487668937423,53.48717012963903,203.0,-104.0,3.654,1.872,77.12976079309465
0.2,-0.08,0.12,58.198590513648185,60.57177137704839,113.49568713622472,52.923915759176325,208.0,-112.0,3.744,2.016,76.68767828015137
0.2,-0.09,0.12,55.77225468204583,58.05237025006518,110.25246756094486,52.20009731087968,205.0,-131.0,3.69,2.358,78.91767862779544
0.2,-0.1,0.12,53.43494882292201,55.195185738387394,106.4715583977292,51.27637265934181,208.0,-144.0,3.744,2.592,78.63841300535
0.19,-0.11,0.12,49.93141717813755,57.90325338924232,110.0578354599475,52.154582070705175,193.0,-162.0,3.474,2.916,76.10519036176179
0.18,-0.12,0.12,46.309932474020215,59.98126520092005,112.7432061278122,52.76194092689212,178.0,-176.0,3.204,3.168,78.02563681252464
0.17,-0.13,0.12,42.59464336859145,61.45551770423751,114.6130238047996,53.15750610056211,159.0,-193.0,2.862,3.474,78.40918313565064
0.16,-0.14,0.12,38.81407483429035,62.33734478465439,115.71736255639188,53.38001777173749,141.0,-207.0,2.538,3.726,79.2464510246358
0.15,-0.15,0.12,35.0,62.6309537116024,116.08270855354476,53.45175484194237,128.0,-219.0,2.304,3.942,79.30952023559341
0.14,-0.16,0.12,31.185925165709648,62.33734478465439,115.71736255639188,53.38001777173749,109.0,-234.0,1.962,4.212,80.65358020571685
0.13,-0.17,0.12,27.40535663140855,61.45551770423751,114.6130238047996,53.15750610056211,90.0,-247.0,1.62,4.446,81.02468759581859
0.12,-0.18,0.12,23.690067525979785,59.98126520092005,112.7432061278122,52.76194092689212,73.0,-263.0,1.314,4.734,78.39005038906404
0.11,-0.19,0.12,20.06858282186244,57.90325338924232,110.0578354599475,52.154582070705175,57.0,-275.0,1.026,4.95,80.45495634204272
0.1,-0.2,0.12,16.56505117707799,55.195185738387394,106.4715583977292,51.27637265934181,,,,,
0.09,-0.2,0.12,14.227745317954174,58.05237025006518,110.25246756094486,52.20009731087968,,,,,
0.08,-0.2,0.12,11.801409486351815,60.57177137704839,113.49568713622472,52.923915759176325,,,,,
0.07,-0.2,0.12,9.290046219188724,62.77770655973522,116.26487668937423,53.48717012963903,,,,,
0.06,-0.2,0.12,6.6992442339936105,64.68349480271478,118.60383497722978,53.920340174515005,-30.0,-282.0,-0.54,5.076,82.21921916437786
0.05,-0.2,0.12,4.036243467926468,66.29564995849192,120.5434783691598,54.24782841066786,-39.0,-278.0,-0.702,5.004,82.46211251235322
0.05,-0.21,0.12,3.392497753751101,60.27666668172127,113.12022495664802,52.84355827492675,,,,,
0.06,-0.21,0.12,5.945395900922847,58.64768953603138,111.0265266284496,52.37883709241823,,,,,
0.07,-0.21,0.12,8.43494882292201,56.7056852390155,108.4839492322603,51.77826399324479,,,,,
0.08,-0.21,0.12,10.854458039578349,54.43322957653574,105.44495361531077,51.01172403877502,,,,,
0.09,-0.21,0.12,13.198590513648185,51.80062568647959,101.83915613631062,50.03853044983103,,,,,
0.11,-0.2,0.12,18.81079374297305,51.95754828107447,102.056633616631,50.09908533555651,,,,,
0.12,-0.19,0.12,22.275644314577622,54.43322957653574,105.44495361531077,51.01172403877502,82.0,-277.0,1.476,4.986,78.77182237323191
0.13,-0.18,0.12,25.83765295427829,56.25425203566134,107.88569541415907,51.63144337849774,100.0,-262.0,1.8,4.716,81.93900170248598
0.14,-0.17,0.12,29.472459848343824,57.45516337434215,109.4711831406072,52.01601976626506,119.0,-244.0,2.142,4.392,78.10889834071403
0.15,-0.16,0.12,33.1523897340054,58.05237025006518,110.25246756094486,52.20009731087968,135.0,-230.0,2.43,4.14,78.33900688673555
0.16,-0.15,0.12,36.84761026599459,58.05237025006518,110.25246756094486,52.20009731087968,147.0,-220.0,2.646,3.96,77.27871634544663
0.17,-0.14,0.12,40.52754015165617,57.45516337434215,109.4711831406072,52.01601976626506,163.0,-203.0,2.934,3.654,77.52418977325722
0.18,-0.13,0.12,44.1623470457217,56.25425203566134,107.88569541415907,51.63144337849774,179.0,-185.0,3.222,3.33,81.05553651663777
0.19,-0.12,0.12,47.72435568542237,54.43322957653574,105.44495361531077,51.01172403877502,195.0,-171.0,3.51,3.078,76.05918747922567
0.2,-0.11,0.12,51.18920625702694,51.95754828107447,102.056633616631,50.09908533555651,212.0,-155.0,3.816,2.79,74.43117626371358
0.21,-0.09,0.12,56.801409486351815,51.80062568647959,101.83915613631062,50.03853044983103,226.0,-128.0,4.068,2.304,77.6659513557904
0.21,-0.08,0.12,59.14554196042165,54.43322957653574,105.44495361531077,51.01172403877502,229.0,-110.0,4.122,1.98,76.6550715869472
0.21,-0.07,0.12,61.56505117707799,56.7056852390155,108.4839492322603,51.77826399324479,227.0,-96.0,4.086,1.728,77.4919350642375
0.21,-0.06,0.12,64.05460409907715,58.64768953603138,111.0265266284496,52.37883709241823,228.0,-75.0,4.104,1.35,77.25283166331187
0.21,-0.05,0.12,66.6075022462489,60.27666668172127,113.12022495664802,52.84355827492675,223.0,-71.0,4.014,1.278,77.62087348130012
0.21,-0.04,0.12,69.2157021324374,61.60260742613228,114.79796346870307,53.19535604257081,227.0,-51.0,4.086,0.918,77.82030583337487
0.21,-0.03,0.12,71.86989764584402,62.6309537116024,116.08270855354476,53.45175484194237,222.0,-38.0,3.996,0.684,77.41446893184762
0.21,-0.02,0.12,74.55966796899449,63.3644290988825,116.9902527483729,53.6258236494904,224.0,-22.0,4.032,0.396,77.17512552629896
0.21,-0.01,0.12,77.27368900609373,63.804232908302254,117.53090399613278,53.726671087830525,223.0,-3.0,4.014,0.054,77.6659513557904
0.21,0.0,0.12,80.0,63.95080106788701,117.71049202227844,53.759690954391424,223.0,12.0,4.014,-0.216,77.62087348130012
0.21,0.01,0.12,82.72631099390627,63.804232908302254,117.53090399613278,53.726671087830525,222.0,17.0,3.996,-0.306,76.69419795525604
0.21,0.02,0.12,85.44033203100551,63.3644290988825,116.9902527483729,53.6258236494904,220.0,38.0,3.96,-0.684,77.79460135510689
0.21,0.03,0.12,88.13010235415598,62.6309537116024,116.08270855354476,53.45175484194237,217.0,52.0,3.906,-0.936,77.79460135510689
0.21,0.04,0.12,90.7842978675626,61.60260742613228,114.79796346870307,53.19535604257081,215.0,63.0,3.87,-1.134,77.98717843338096
0.21,0.05,0.12,93.3924977537511,60.27666668172127,113.12022495664802,52.84355827492675,215.0,83.0,3.87,-1.494,76.40026177965623
0.21,0.06,0.12,95.94539590092285,58.64768953603138,111.0265266284496,52.37883709241823,216.0,92.0,3.888,-1.656,77.20103626247513
0.21,0.07,0.12,98.434948822922,56.7056852390155,108.4839492322603,51.77826399324479,214.0,113.0,3.852,-2.034,84.72307831990054
0.21,0.08,0.12,100.85445803957836,54.43322957653574,105.44495361531077,51.01172403877502,215.0,121.0,3.87,-2.178,77.52418977325722
0.21,0.09,0.12,103.19859051364818,51.80062568647959,101.83915613631062,50.03853044983103,215.0,140.0,3.87,-2.52,76.47875521999558
0.2,0.11,0.12,108.81079374297306,51.95754828107447,102.056633616631,50.09908533555651,197.0,170.0,3.546,-3.06,86.03487664894976
0.19,0.12,0.12,112.27564431457763,54.43322957653574,105.44495361531077,51.01172403877502,180.0,186.0,3.24,-3.348,86.40023148117139
0.18,0.13,0.12,115.8376529542783,56.25425203566134,107.88569541415907,51.63144337849774,166.0,197.0,2.988,-3.546,77.3692445355388
0.17,0.14,0.12,119.47245984834385,57.45516337434215,109.4711831406072,52.01601976626506,146.0,214.0,2.628,-3.852,76.94153624668537
0.16,0.15,0.12,123.1523897340054,58.05237025006518,110.25246756094486,52.20009731087968,125.0,229.0,2.25,-4.122,78.23042886243178
0.15,0.16,0.12,126.8476102659946,58.05237025006518,110.25246756094486,52.20009731087968,111.0,238.0,1.998,-4.284,89.00561780022652
0.14,0.17,0.12,130.52754015165618,57.45516337434215,109.4711831406072,52.01601976626506,93.0,251.0,1.674,-4.518,79.1580697086532
0.13,0.18,0.12,134.1623470457217,56.25425203566134,107.88569541415907,51.63144337849774,74.0,265.0,1.332,-4.77,78.91767862779544
0.12,0.19,0.12,137.72435568542238,54.43322957653574,105.44495361531077,51.01172403877502,61.0,275.0,1.098,-4.95,78.64477096412705
0.11,0.2,0.12,141.18920625702694,51.95754828107447,102.056633616631,50.09908533555651,39.0,289.0,0.702,-5.202,77.20103626247513
0.09,0.21,0.12,146.80140948635182,51.80062568647959,101.83915613631062,50.03853044983103,,,,,
0.08,0.21,0.12,149.14554196042167,54.43322957653574,105.44495361531077,51.01172403877502,,,,,
0.1,0.21,0.12,144.53665493812838,48.75700772394399,97.5577056268796,48.8006979029356,,,,,
0.12,0.2,0.12,139.03624346792648,48.26390971040246,96.8527833511379,48.58887364073545,,,,,
0.13,0.19,0.12,135.61965527615513,50.53432716410418,100.07246070697886,49.53813354287468,76.0,281.0,1.368,-5.058,77.27871634544663
0.14,0.18,0.12,132.1250163489018,52.11418692415376,102.27339679989028,50.15920987573655,94.0,267.0,1.692,-4.806,76.53103945458993
0.15,0.17,0.12,128.57633437499734,53.04835801982617,103.55947578797225,50.511117768146086,113.0,254.0,2.034,-4.572,79.02531240052139
0.16,0.16,0.12,125.0,53.35771602761708,103.9828491808147,50.62513315319762,127.0,244.0,2.286,-4.392,77.00649323271382
0.17,0.15,0.12,121.42366562500266,53.04835801982617,103.55947578797225,50.511117768146086,146.0,226.0,2.628,-4.068,87.46427842267951
0.18,0.14,0.12,117.8749836510982,52.11418692415376,102.27339679989028,50.15920987573655,166.0,209.0,2.988,-3.762,77.6659513557904
0.19,0.13,0.12,114.38034472384489,50.53432716410418,100.07246070697886,49.53813354287468,179.0,199.0,3.222,-3.582,75.18643494673756
0.2,0.12,0.12,110.96375653207352,48.26390971040246,96.8527833511379,48.58887364073545,194.0,185.0,3.492,-3.33,86.97700845625813
0.21,0.1,0.12,105.46334506187162,48.75700772394399,97.5577056268796,48.8006979029356,219.0,150.0,3.942,-2.7,77.38862965578342
0.22,0.08,0.12,99.98310652189998,47.60016987455701,95.89897449168244,48.29880461712544,236.0,118.0,4.248,-2.124,78.23042886243178
0.22,0.07,0.12,97.65012421993012,50.05405478864742,99.39694906527988,49.34289427663245,235.0,107.0,4.23,-1.926,77.93587107359485
0.22,0.06,0.12,95.25511870305778,52.114186924153806,102.27339679989036,50.15920987573656,237.0,95.0,4.266,-1.71,76.40026177965623
0.22,0.05,0.12,92.80426606528675,53.81998302307632,104.61314323018884,50.7931602071125,241.0,75.0,4.338,-1.35,75.92759709091287
0.22,0.04,0.12,90.30484646876604,55.19518573838744,106.47155839772928,51.27637265934182,239.0,65.0,4.302,-1.17,77.89736837660179
0.22,0.03,0.12,87.76516601842533,56.25425203566134,107.88569541415907,51.63144337849774,241.0,44.0,4.338,-0.792,77.07788269017254
0.22,0.02,0.12,85.1944289077348,57.00589578259607,108.88029493910476,51.87439915650868,238.0,32.0,4.284,-0.576,77.89736837660179
0.22,0.01,0.12,82.60256220249981,57.45516337434215,109.4711831406072,52.01601976626506,238.0,14.0,4.284,-0.252,78.24321056807422
0.22,0.0,0.12,80.0,57.60465317232172,109.66719802545003,52.06254485312832,239.0,7.0,4.302,-0.126,77.80102827083971
0.22,-0.01,0.12,77.39743779750019,57.45516337434215,109.4711831406072,52.01601976626506,239.0,-16.0,4.302,0.288,77.93587107359485
0.22,-0.02,0.12,74.8055710922652,57.00589578259607,108.88029493910476,51.87439915650868,238.0,-31.0,4.284,0.558,78.39005038906404
0.22,-0.03,0.12,72.23483398157467,56.25425203566134,107.88569541415907,51.63144337849774,237.0,-39.0,4.266,0.702,79.17701686727027
0.22,-0.04,0.12,69.69515353123397,55.19518573838744,106.47155839772928,51.27637265934182,236.0,-57.0,4.248,1.026,78.29431652425353
0.22,-0.05,0.12,67.19573393471325,53.81998302307632,104.61314323018884,50.7931602071125,239.0,-74.0,4.302,1.332,76.32168761236873
0.22,-0.06,0.12,64.74488129694222,52.114186924153806,102.27339679989036,50.15920987573656,237.0,-87.0,4.266,1.566,89.19641248391103
0.22,-0.07,0.12,62.34987578006988,50.05405478864742,99.39694906527988,49.34289427663245,239.0,-99.0,4.302,1.782,78.44743462982075
0.22,-0.08,0.12,60.016893478100016,47.60016987455701,95.89897449168244,48.29880461712544,241.0,-115.0,4.338,2.07,77.3692445355388
0.22,-0.09,0.12,57.75097634278764,44.68476135705821,91.64265138016734,46.95789002310912,240.0,-133.0,4.32,2.394,75.50496672405067
0.21,-0.11,0.12,52.35402463626132,45.21182443607352,92.42016462744472,47.20834019137121,223.0,-166.0,4.014,2.988,76.32168761236873
0.2,-0.13,0.12,46.97613244420336,43.97228135164591,90.5860010163456,46.613719664699694,205.0,-196.0,3.69,3.528,78.00640999302557
0.19,-0.14,0.12,43.61564818416411,46.07752762548535,93.68955241326704,47.6120247877817,197.0,-203.0,3.546,3.654,78.10249675906654
0.18,-0.15,0.12,40.19442890773481,47.43305314812989,95.65793207231536,48.224878924185454,181.0,-219.0,3.258,3.942,77.64663547121665
0.17,-0.16,0.12,36.73570458892839,48.09866506084831,96.6158527309001,48.51718767005179,159.0,-241.0,2.862,4.338,78.85429601486528
0.16,-0.17,0.12,33.26429541107161,48.09866506084831,96.6158527309001,48.51718767005179,144.0,-254.0,2.592,4.572,79.12016177940993
0.15,-0.18,0.12,29.80557109226519,47.43305314812989,95.65793207231536,48.224878924185454,123.0,-270.0,2.214,4.86,80.4114419718985
0.14,-0.19,0.12,26.384351815835885,46.07752762548535,93.68955241326704,47.6120247877817,,,,,
0.13,-0.2,0.12,23.02386755579664,43.97228135164591,90.5860010163456,46.613719664699694,,,,,
0.11,-0.21,0.12,17.64597536373868,45.21182443607352,92.42016462744472,47.20834019137121,,,,,
0.09,-0.22,0.12,12.249023657212362,44.68476135705821,91.64265138016734,46.95789002310912,,,,,
0.08,-0.22,0.12,9.98310652189997,47.60016987455701,95.89897449168244,48.29880461712544,,,,,
0.07,-0.22,0.12,7.65012421993012,50.05405478864742,99.39694906527988,49.34289427663245,,,,,
0.06,-0.22,0.12,5.255118703057775,52.114186924153806,102.27339679989036,50.15920987573656,,,,,
0.05,-0.22,0.12,2.804266065286754,53.81998302307632,104.61314323018884,50.7931602071125,,,,,
0.05,-0.23,0.12,2.264773727892404,46.58988389273451,94.43631755781016,47.84643366507564,,,,,
0.06,-0.23,0.12,4.620873988631658,44.68476135705821,91.64265138016734,46.95789002310912,,,,,
0.07,-0.23,0.12,6.92751306414705,42.3232210621132,88.11566046688534,45.79243940477216,,,,,
0.08,-0.23,0.12,9.179008025810717,39.3957511582537,83.64566045464798,44.249909296394286,,,,,
0.1,-0.22,0.12,14.443954780416531,41.1826469424324,86.38693848314136,45.20429154070897,,,,,
0.12,-0.21,0.12,19.744881296942214,40.98889311067623,86.0916434521516,45.10275034147537,,,,,
0.14,-0.2,0.12,24.992020198558663,38.77614142510576,82.68574214137493,43.909600716269175,,,,,
0.15,-0.19,0.12,28.290163192243064,40.79401855670598,85.794163297386,45.00014474068004,134.0,-276.0,2.412,4.968,75.39230729988306
0.16,-0.18,0.12,31.6335393365702,41.94703213784924,87.54730057491714,45.6002684370679,146.0,-264.0,2.628,4.752,76.53757247260981
0.17,-0.17,0.12,35.0,42.32322106211315,88.11566046688529,45.792439404772125,167.0,-246.0,3.006,4.428,74.52516353554684
0.18,-0.16,0.12,38.3664606634298,41.94703213784924,87.54730057491714,45.6002684370679,181.0,-232.0,3.258,4.176,76.94153624668537
0.19,-0.15,0.12,41.70983680775693,40.79401855670598,85.794163297386,45.00014474068004,194.0,-220.0,3.492,3.96,77.31752712031083
0.2,-0.14,0.12,45.00797980144133,38.77614142510576,82.68574214137493,43.909600716269175,213.0,-201.0,3.834,3.618,73.02739212103907
0.21,-0.12,0.12,50.255118703057775,40.98889311067623,86.0916434521516,45.10275034147537,226.0,-175.0,4.068,3.15,73.17103251970687
0.22,-0.1,0.12,55.55604521958347,41.1826469424324,86.38693848314136,45.20429154070897,243.0,-141.0,4.374,2.538,75.13321502504735
0.23,-0.08,0.12,60.82099197418928,39.3957511582537,83.64566045464798,44.249909296394286,255.0,-118.0,4.59,2.124,75.96051605933177
0.23,-0.07,0.12,63.07248693585296,42.3232210621132,88.11566046688534,45.79243940477216,259.0,-96.0,4.662,1.728,74.0
0.23,-0.06,0.12,65.37912601136834,44.68476135705821,91.64265138016734,46.95789002310912,258.0,-84.0,4.644,1.512,75.02666192761077
0.23,-0.05,0.12,67.7352262721076,46.58988389273451,94.43631755781016,47.84643366507564,257.0,-70.0,4.626,1.26,74.84650960465692
0.23,-0.04,0.12,70.13419305691563,48.09866506084831,96.6158527309001,48.51718767005179,257.0,-51.0,4.626,0.918,77.3692445355388
0.23,-0.03,0.12,72.5685920288275,49.24632943520038,98.25412973909114,49.00780030389076,256.0,-37.0,4.608,0.666,76.53757247260981
0.23,-0.02,0.12,75.03025927188969,50.05405478864742,99.39694906527988,49.34289427663245,257.0,-17.0,4.626,0.306,76.8505042273634
0.23,-0.01,0.12,77.51044707800085,50.53432716410418,100.07246070697886,49.53813354287468,256.0,-6.0,4.608,0.108,76.84399781375251
0.23,0.0,0.12,80.0,50.69373230945842,100.29600507502178,49.60227276556336,255.0,14.0,4.59,-0.252,77.62087348130012
0.23,0.01,0.12,82.48955292199915,50.53432716410418,100.07246070697886,49.53813354287468,254.0,22.0,4.572,-0.396,76.69419795525604
0.23,0.02,0.12,84.96974072811031,50.05405478864742,99.39694906527988,49.34289427663245,253.0,35.0,4.554,-0.63,77.15568676384133
0.23,0.03,0.12,87.4314079711725,49.24632943520038,98.25412973909114,49.00780030389076,250.0,55.0,4.5,-0.99,77.07788269017254
0.23,0.04,0.12,89.86580694308437,48.09866506084831,96.6158527309001,48.51718767005179,251.0,63.0,4.518,-1.134,78.56844150166147
0.23,0.05,0.12,92.2647737278924,46.58988389273451,94.43631755781016,47.84643366507564,250.0,82.0,4.5,-1.476,76.69419795525604
0.23,0.06,0.12,94.62087398863166,44.68476135705821,91.64265138016734,46.95789002310912,250.0,98.0,4.5,-1.764,75.6042326857432
0.23,0.07,0.12,96.92751306414704,42.3232210621132,88.11566046688534,45.79243940477216,250.0,109.0,4.5,-1.962,75.45197147855052
0.23,0.08,0.12,99.17900802581072,39.3957511582537,83.64566045464798,44.249909296394286,247.0,128.0,4.446,-2.304,75.47184905645283
0.22,0.1,0.12,104.44395478041652,41.1826469424324,86.38693848314136,45.20429154070897,229.0,161.0,4.122,-2.898,74.24957912338628
0.21,0.12,0.12,109.74488129694222,40.98889311067623,86.0916434521516,45.10275034147537,214.0,185.0,3.852,-3.33,74.67261881037788
0.2,0.13,0.12,113.02386755579664,43.97228135164591,90.5860010163456,46.613719664699694,193.0,205.0,3.474,-3.69,76.6550715869472
0.19,0.14,0.12,116.38435181583588,46.07752762548535,93.68955241326704,47.6120247877817,179.0,215.0,3.222,-3.87,76.68767828015137
0.18,0.15,0.12,119.80557109226518,47.43305314812989,95.65793207231536,48.224878924185454,165.0,226.0,2.97,-4.068,75.95393340703298
0.17,0.16,0.12,123.2642954110716,48.09866506084831,96.6158527309001,48.51718767005179,140.0,247.0,2.52,-4.446,87.14355971613737
0.16,0.17,0.12,126.7357045889284,48.09866506084831,96.6158527309001,48.51718767005179,126.0,259.0,2.268,-4.662,77.00649323271382
0.15,0.18,0.12,130.19442890773482,47.43305314812989,95.65793207231536,48.224878924185454,105.0,272.0,1.89,-4.896,78.31347265956222
0.14,0.19,0.12,133.61564818416412,46.07752762548535,93.68955241326704,47.6120247877817,89.0,283.0,1.602,-5.094,78.91767862779544
0.13,0.2,0.12,136.97613244420336,43.97228135164591,90.5860010163456,46.613719664699694,,,,,
0.11,0.21,0.12,142.35402463626133,45.21182443607352,92.42016462744472,47.20834019137121,,,,,
0.09,0.22,0.12,147.75097634278762,44.68476135705821,91.64265138016734,46.95789002310912,,,,,
0.1,0.22,0.12,145.55604521958347,41.1826469424324,86.38693848314136,45.20429154070897,,,,,
0.12,0.21,0.12,140.25511870305778,40.98889311067623,86.0916434521516,45.10275034147537,,,,,
0.14,0.2,0.12,135.00797980144134,38.77614142510576,82.68574214137493,43.909600716269175,,,,,
0.15,0.19,0.12,131.70983680775694,40.79401855670598,85.794163297386,45.00014474068004,112.0,281.0,2.016,-5.058,74.24284477308234
0.16,0.18,0.12,128.3664606634298,41.94703213784924,87.54730057491714,45.6002684370679,126.0,270.0,2.268,-4.86,74.02702209328699
0.17,0.17,0.12,125.0,42.32322106211315,88.11566046688529,45.792439404772125,140.0,259.0,2.52,-4.662,75.05997601918082
0.18,0.16,0.12,121.6335393365702,41.94703213784924,87.54730057491714,45.6002684370679,161.0,243.0,2.898,-4.374,72.69112738154499
0.19,0.15,0.12,118.29016319224309,40.79401855670598,85.794163297386,45.00014474068004,176.0,230.0,3.168,-4.14,75.50496672405067
0.2,0.14,0.12,114.99202019855866,38.77614142510576,82.68574214137493,43.909600716269175,193.0,217.0,3.474,-3.906,72.27724399837061
0.21,0.13,0.12,111.7594800848128,35.67464448170849,77.808373682206,42.13372920049751,209.0,202.0,3.762,-3.636,74.04052944165107
0.22,0.11,0.12,106.565051177078,36.82782589672141,79.63594611487147,42.80812021815007,234.0,167.0,4.212,-3.006,74.73285756613352
0.23,0.09,0.12,101.3706222693432,35.67464448170849,77.808373682206,42.13372920049751,248.0,141.0,4.464,-2.538,73.92563831310488
0.22,0.09,0.12,102.24902365721236,44.68476135705821,91.64265138016734,46.95789002310912,235.0,140.0,4.23,-2.52,75.66372975210778
0.21,0.11,0.12,107.64597536373869,45.21182443607352,92.42016462744472,47.20834019137121,217.0,169.0,3.906,-3.042,75.23961722390672
0.13,0.21,0.12,138.2405199151872,35.67464448170849,77.808373682206,42.13372920049751,120.0,283.0,2.16,-5.094,70.25667228100119
0.11,0.22,0.12,143.43494882292202,36.82782589672141,79.63594611487147,42.80812021815007,,,,,
0.09,0.23,0.12,148.6293777306568,35.67464448170849,77.808373682206,42.13372920049751,,,,,
0.08,0.24,0.12,151.56505117707798,26.30841692024044,62.34249813007185,36.034081209831406,,,,,
0.14,0.21,0.12,136.30993247402023,27.646414129903256,64.62042416427091,36.97401003436767,,,,,
0.24,0.08,0.12,98.434948822922,26.30841692024044,62.34249813007185,36.034081209831406,186.0,242.0,3.348,-4.356,71.84705978674423
0.24,-0.08,0.12,61.56505117707799,26.30841692024044,62.34249813007185,36.034081209831406,280.0,78.0,5.04,-1.404,71.50524456289902
0.21,-0.14,0.12,46.30993247402021,27.646414129903256,64.62042416427091,36.97401003436767,282.0,-77.0,5.076,1.386,71.30918594402827
0.21,-0.13,0.12,48.2405199151872,35.67464448170849,77.808373682206,42.13372920049751,225.0,-193.0,4.05,3.474,76.00657866263946
0.22,-0.11,0.12,53.43494882292201,36.82782589672141,79.63594611487147,42.80812021815007,242.0,-159.0,4.356,2.862,72.56031973468694
0.23,-0.09,0.12,58.62937773065682,35.67464448170849,77.808373682206,42.13372920049751,256.0,-132.0,4.608,2.376,73.00684899377592
0.21,-0.1,0.12,54.53665493812838,48.75700772394399,97.5577056268796,48.8006979029356,230.0,-144.0,4.14,2.592,80.06247560499239
0.2,-0.12,0.12,49.03624346792648,48.26390971040246,96.8527833511379,48.58887364073545,209.0,-177.0,3.762,3.186,78.02563681252464
0.19,-0.13,0.12,45.61965527615513,50.53432716410418,100.07246070697886,49.53813354287468,193.0,-193.0,3.474,3.474,76.00657866263946
0.18,-0.14,0.12,42.1250163489018,52.11418692415376,102.27339679989028,50.15920987573655,177.0,-208.0,3.186,3.744,79.51100552753688
0.17,-0.15,0.12,38.57633437499735,53.04835801982617,103.55947578797225,50.511117768146086,162.0,-224.0,2.916,4.032,79.2464510246358
0.16,-0.16,0.12,35.0,53.35771602761708,103.9828491808147,50.62513315319762,147.0,-237.0,2.646,4.266,81.25269226308751
0.15,-0.17,0.12,31.42366562500265,53.04835801982617,103.55947578797225,50.511117768146086,126.0,-254.0,2.268,4.572,79.6994353806851
0.14,-0.18,0.12,27.874983651098205,52.11418692415376,102.27339679989028,50.15920987573655,103.0,-270.0,1.854,4.86,81.93900170248598
0.13,-0.19,0.12,24.380344723844864,50.53432716410418,100.07246070697886,49.53813354287468,,,,,
0.12,-0.2,0.12,20.96375653207352,48.26390971040246,96.8527833511379,48.58887364073545,,,,,
0.1,-0.21,0.12,15.463345061871609,48.75700772394399,97.5577056268796,48.8006979029356,,,,,
0.11,-0.22,0.12,16.56505117707799,36.82782589672141,79.63594611487147,42.80812021815007,,,,,
0.09,-0.23,0.12,11.370622269343189,35.67464448170849,77.808373682206,42.13372920049751,,,,,
0.13,-0.21,0.12,21.7594800848128,35.67464448170849,77.808373682206,42.13372920049751,,,,,
0.08,-0.24,0.12,8.43494882292201,26.30841692024044,62.34249813007185,36.034081209831406,,,,,
0.1,-0.15,0.12,23.690067525979785,81.39694562718014,136.9516808202597,55.55473519307953,40.0,-233.0,0.72,4.194,99.84988733093292
0.11,-0.14,0.12,28.157226587369053,82.67343877744266,138.19150501649042,55.51806623904776,74.0,-193.0,1.332,3.474,85.09406559801923
0.12,-0.13,0.12,32.709389957361466,83.31733000565684,138.8081780811752,55.49084807551837,84.0,-172.0,1.512,3.096,78.84795495128583
0.13,-0.12,0.12,37.29061004263853,83.31733000565684,138.8081780811752,55.49084807551837,100.0,-157.0,1.8,2.826,78.44743462982075
0.14,-0.11,0.12,41.84277341263094,82.67343877744266,138.19150501649042,55.51806623904776,108.0,-148.0,1.944,2.664,77.41446893184762
0.15,-0.1,0.12,46.30993247402021,81.39694562718014,136.9516808202597,55.55473519307953,129.0,-130.0,2.322,2.34,77.0
0.15,-0.09,0.12,49.03624346792648,84.45374712679643,139.88229784182084,55.4285507150244,128.0,-115.0,2.304,2.07,78.16009211867653
0.15,-0.08,0.12,51.92751306414704,87.26902978883984,142.46496844209707,55.19593865325725,124.0,-105.0,2.232,1.89,78.23042886243178
0.15,-0.07,0.12,54.98310652189997,89.8261093982419,144.7144221506847,54.88831275244282,125.0,-93.0,2.25,1.674,75.8023746329889
0.15,-0.06,0.12,58.198590513648185,92.10497830575515,146.6422365812282,54.537258275473015,124.0,-75.0,2.232,1.35,75.92759709091287
0.15,-0.05,0.12,61.56505117707799,94.08380395514152,148.2577740429466,54.17397008780505,123.0,-61.0,2.214,1.098,76.53757247260981
0.15,-0.04,0.12,65.06858282186245,95.74046806745588,149.56874872127253,53.82828065381664,122.0,-52.0,2.196,0.936,76.55063683601855
0.15,-0.03,0.12,68.69006752597979,97.05411985044324,150.58151326540266,53.52739341495942,120.0,-36.0,2.16,0.648,76.55716818169282
0.15,-0.02,0.12,72.40535663140855,98.00666927119644,151.30114035755793,53.29447108636149,119.0,-24.0,2.142,0.432,76.53757247260981
0.15,-0.01,0.12,76.18592516570965,98.58411711353742,151.73137390544852,53.147256791911104,120.0,-11.0,2.16,0.198,77.38862965578342
0.15,0.0,0.12,80.0,98.77760954436248,151.87452426188213,53.09691471751963,119.0,2.0,2.142,-0.036,76.60939890117922
0.15,0.01,0.12,83.81407483429035,98.58411711353742,151.73137390544852,53.147256791911104,118.0,15.0,2.124,-0.27,77.23341245859851
0.15,0.02,0.12,87.59464336859145,98.00666927119644,151.30114035755793,53.29447108636149,117.0,26.0,2.106,-0.468,77.07788269017254
0.15,0.03,0.12,91.3099324740202,97.05411985044324,150.58151326540266,53.52739341495942,113.0,36.0,2.034,-0.648,86.68333173107735
0.15,0.04,0.12,94.93141717813756,95.74046806745588,149.56874872127253,53.82828065381664,118.0,52.0,2.124,-0.936,76.60939890117922
0.15,0.05,0.12,98.434948822922,94.08380395514152,148.2577740429466,54.17397008780505,115.0,64.0,2.07,-1.152,76.55063683601855
0.15,0.06,0.12,101.80140948635182,92.10497830575515,146.6422365812282,54.537258275473015,118.0,75.0,2.124,-1.35,84.59905436823747
0.15,0.07,0.12,105.01689347810004,89.8261093982419,144.7144221506847,54.88831275244282,115.0,96.0,2.07,-1.728,85.61541917201598
0.15,0.08,0.12,108.07248693585296,87.26902978883984,142.46496844209707,55.19593865325725,115.0,107.0,2.07,-1.926,85.7962703152066
0.15,0.09,0.12,110.96375653207352,84.45374712679643,139.88229784182084,55.4285507150244,118.0,121.0,2.124,-2.178,77.4919350642375
0.15,0.1,0.12,113.6900675259798,81.39694562718014,136.9516808202597,55.55473519307953,114.0,138.0,2.052,-2.484,87.55569655939013
0.14,0.11,0.12,118.15722658736904,82.67343877744266,138.19150501649042,55.51806623904776,100.0,153.0,1.8,-2.754,87.47571091451616
0.13,0.12,0.12,122.70938995736148,83.31733000565684,138.8081780811752,55.49084807551837,82.0,167.0,1.476,-3.006,77.41446893184762
0.12,0.13,0.12,127.29061004263852,83.31733000565684,138.8081780811752,55.49084807551837,66.0,178.0,1.188,-3.204,79.02531240052139
0.11,0.14,0.12,131.84277341263095,82.67343877744266,138.19150501649042,55.51806623904776,49.0,186.0,0.882,-3.348,90.93404203047392
0.1,0.15,0.12,136.30993247402023,81.39694562718014,136.9516808202597,55.55473519307953,35.0,199.0,0.63,-3.582,87.47571091451616
0.09,0.15,0.12,139.03624346792648,84.45374712679643,139.88229784182084,55.4285507150244,19.0,198.0,0.342,-3.564,79.30952023559341
0.1,0.14,0.12,134.46232220802565,86.09980676955018,141.40587832411413,55.30607155456396,38.0,183.0,0.684,-3.294,77.92945527847606
0.11,0.13,0.12,129.7636416907262,87.10110165024413,142.31403814814533,55.2129364979012,56.0,171.0,1.008,-3.078,78.10249675906654
0.12,0.12,0.12,125.0,87.43726353453387,142.61577677772152,55.17851324318767,70.0,160.0,1.26,-2.88,78.10249675906654
0.13,0.11,0.12,120.2363583092738,87.10110165024413,142.31403814814533,55.2129364979012,87.0,145.0,1.566,-2.61,78.08969202141856
0.14,0.1,0.12,115.53767779197436,86.09980676955018,141.40587832411413,55.30607155456396,98.0,132.0,1.764,-2.376,87.86353054595519
0.09,0.14,0.12,137.26477372789242,89.30875964113709,144.2666903041677,54.95793066303061,55.0,162.0,0.99,-2.916,74.10802925459562
0.1,0.09,0.12,121.98721249581666,107.8600756956438,158.0291339974189,50.16905830177512,40.0,106.0,0.72,-1.908,77.52418977325722
0.1,0.08,0.12,118.65980825409008,111.720576938281,160.31616249362438,48.59558555534336,40.0,93.0,0.72,-1.674,76.79192665899195
0.1,0.07,0.12,114.99202019855866,115.32537028508844,162.27841132779272,46.953041042704285,36.0,77.0,0.648,-1.386,87.66413177577246
0.1,0.06,0.12,110.96375653207352,118.61961415120756,163.92704753857686,45.30743338736932,36.0,65.0,0.648,-1.17,88.32326986700618
0.1,0.05,0.12,106.565051177078,121.54446694984355,165.2760867370148,43.73161978717124,35.0,52.0,0.63,-0.936,87.31551981177229
0.1,0.04,0.12,101.80140948635182,124.040350433703,166.342305668604,42.301955234901016,33.0,40.0,0.594,-0.72,87.23531395025755
0.1,0.03,0.12,96.69924423399362,126.05072799461364,167.14426744733095,41.09353945271731,34.0,29.0,0.612,-0.522,77.93587107359485
0.1,0.02,0.12,91.3099324740202,127.52609410715198,167.70047100108536,40.1743768939334,44.0,21.0,0.792,-0.378,86.21484790916237
0.1,0.01,0.12,85.71059313749964,128.42778499877244,168.02688495423502,39.59909995546256,42.0,8.0,0.756,-0.144,86.37129152675674
0.1,0.0,0.12,80.0,128.7311692405338,168.1343989399437,39.40322969940991,42.0,4.0,0.756,-0.072,85.14693182963201
0.1,-0.01,0.12,74.28940686250036,128.42778499877244,168.02688495423502,39.59909995546256,44.0,-7.0,0.792,0.126,76.55063683601855
0.1,-0.02,0.12,68.69006752597979,127.52609410715198,167.70047100108536,40.1743768939334,45.0,-19.0,0.81,0.342,76.92203845452875
0.1,-0.03,0.12,63.300755766006375,126.05072799461364,167.14426744733095,41.09353945271731,44.0,-34.0,0.792,0.612,76.24303246854758
0.1,-0.04,0.12,58.198590513648185,124.040350433703,166.342305668604,42.301955234901016,47.0,-39.0,0.846,0.702,75.43208866258443
0.1,-0.05,0.12,53.43494882292201,121.54446694984355,165.2760867370148,43.73161978717124,49.0,-53.0,0.882,0.954,75.8023746329889
0.1,-0.06,0.12,49.03624346792648,118.61961415120756,163.92704753857686,45.30743338736932,53.0,-68.0,0.954,1.224,75.05997601918082
0.1,-0.07,0.12,45.00797980144133,115.32537028508844,162.27841132779272,46.953041042704285,51.0,-82.0,0.918,1.476,75.1065909225016
0.1,-0.08,0.12,41.34019174590991,111.720576938281,160.31616249362438,48.59558555534336,56.0,-91.0,1.008,1.638,75.23961722390672
0.1,-0.09,0.12,38.01278750418334,107.8600756956438,158.0291339974189,50.16905830177512,55.0,-108.0,0.99,1.944,74.33034373659252
0.09,-0.09,0.12,35.0,112.18991039678934,160.58106686338743,48.39115646659811,32.0,-102.0,0.576,1.836,80.77747210701756
0.08,-0.09,0.12,31.6335393365702,116.32127325085426,162.79131414791703,46.47004089706277,18.0,-99.0,0.324,1.782,79.37883848986453
0.07,-0.09,0.12,27.874983651098205,120.19852829231571,164.66865798218828,44.47012968987256,3.0,-95.0,0.054,1.71,80.52949770115296
0.06,-0.09,0.12,23.690067525979785,123.75820663832415,166.22569495565563,42.46748831733146,-5.0,-91.0,-0.09,1.638,80.06247560499239
0.05,-0.09,0.12,19.05460409907714,126.93189152893574,167.47975837422098,40.54786684528523,-14.0,-91.0,-0.252,1.638,80.15609770940699
0.05,-0.08,0.12,22.0053832080835,132.1659034852314,169.2699045712968,37.1040010860654,-13.0,-83.0,-0.234,1.494,78.89233169326408
0.06,-0.08,0.12,26.869897645844013,128.7311692405338,168.1343989399437,39.40322969940991,1.0,-86.0,0.018,1.548,77.47257579298626
0.07,-0.08,0.12,31.185925165709648,124.89427231794797,166.68914579943367,41.794873481485695,10.0,-91.0,0.18,1.638,75.61084578286372
0.08,-0.08,0.12,35.0,120.73353678071834,164.9128354063405,44.17929862562215,25.0,-90.0,0.45,1.62,77.3692445355388
0.09,-0.08,0.12,38.3664606634298,116.32127325085426,162.79131414791703,46.47004089706277,37.0,-93.0,0.666,1.674,76.2954782408499
0.09,-0.07,0.12,42.1250163489018,120.19852829231571,164.66865798218828,44.47012968987256,27.0,-75.0,0.486,1.35,79.63039620647382
0.09,-0.06,0.12,46.309932474020215,123.75820663832415,166.22569495565563,42.46748831733146,28.0,-63.0,0.504,1.134,78.10249675906654
0.09,-0.05,0.12,50.94539590092285,126.93189152893574,167.47975837422098,40.54786684528523,27.0,-53.0,0.486,0.954,77.05841939723393
0.09,-0.04,0.12,56.03751102542181,129.6499665765463,168.45288589358708,38.8029193170408,36.0,-44.0,0.648,0.792,76.2954782408499
0.09,-0.03,0.12,61.56505117707799,131.84600996281682,169.1705264916102,37.32451652879335,33.0,-34.0,0.594,0.612,76.92203845452875
0.09,-0.02,0.12,67.47119229084849,133.46151314909193,169.658871680743,36.19735853165111,,,,,
0.09,-0.01,0.12,73.6598082540901,134.45050516927688,169.9410873899123,35.49058222063542,32.0,-14.0,0.576,0.252,84.72307831990054
0.09,0.0,0.12,80.0,134.78354996815568,170.0332386717305,35.249688703574826,36.0,1.0,0.648,-0.018,76.05918747922567
0.09,0.01,0.12,86.3401917459099,134.45050516927688,169.9410873899123,35.49058222063542,34.0,11.0,0.612,-0.198,84.8999411071645
0.09,0.02,0.12,92.52880770915152,133.46151314909193,169.658871680743,36.19735853165111,32.0,16.0,0.576,-0.288,86.05230967266364
0.09,0.03,0.12,98.434948822922,131.84600996281682,169.1705264916102,37.32451652879335,34.0,31.0,0.612,-0.558,85.58621384311844
0.09,0.04,0.12,103.96248897457818,129.6499665765463,168.45288589358708,38.8029193170408,35.0,38.0,0.63,-0.684,84.970583144992
0.09,0.05,0.12,109.05460409907715,126.93189152893574,167.47975837422098,40.54786684528523,31.0,54.0,0.558,-0.972,86.02325267042627
0.09,0.06,0.12,113.6900675259798,123.75820663832415,166.22569495565563,42.46748831733146,31.0,61.0,0.558,-1.098,85.86617494683223
0.09,0.07,0.12,117.8749836510982,120.19852829231571,164.66865798218828,44.47012968987256,32.0,73.0,0.576,-1.314,86.49277426467485
0.09,0.08,0.12,121.6335393365702,116.32127325085426,162.79131414791703,46.47004089706277,35.0,88.0,0.63,-1.584,76.6550715869472
0.09,0.09,0.12,125.0,112.18991039678934,160.58106686338743,48.39115646659811,27.0,103.0,0.486,-1.854,77.05841939723393
0.08,0.09,0.12,128.3664606634298,116.32127325085426,162.79131414791703,46.47004089706277,10.0,92.0,0.18,-1.656,89.1403387922662
0.07,0.09,0.12,132.1250163489018,120.19852829231571,164.66865798218828,44.47012968987256,-1.0,90.0,-0.018,-1.62,78.5175139698144
0.06,0.09,0.12,136.30993247402023,123.75820663832415,166.22569495565563,42.46748831733146,-10.0,84.0,-0.18,-1.512,78.44743462982075
0.05,0.09,0.12,140.94539590092285,126.93189152893574,167.47975837422098,40.54786684528523,-20.0,82.0,-0.36,-1.476,77.62087348130012
0.05,0.08,0.12,137.99461679191648,132.1659034852314,169.2699045712968,37.1040010860654,-23.0,71.0,-0.414,-1.278,88.32326986700618
0.06,0.08,0.12,133.13010235415598,128.7311692405338,168.1343989399437,39.40322969940991,-9.0,83.0,-0.162,-1.494,77.27871634544663
0.07,0.08,0.12,128.81407483429035,124.89427231794797,166.68914579943367,41.794873481485695,5.0,84.0,0.09,-1.512,76.23647421018367
0.08,0.08,0.12,125.0,120.73353678071834,164.9128354063405,44.17929862562215,16.0,90.0,0.288,-1.62,77.00649323271382
0.08,0.07,0.12,121.18592516570963,124.89427231794797,166.68914579943367,41.794873481485695,9.0,70.0,0.162,-1.26,79.1580697086532
0.08,0.06,0.12,116.86989764584402,128.7311692405338,168.1343989399437,39.40322969940991,10.0,55.0,0.18,-0.99,90.2551937563706
0.08,0.05,0.12,112.00538320808349,132.1659034852314,169.2699045712968,37.1040010860654,13.0,48.0,0.234,-0.864,78.33900688673555
0.08,0.04,0.12,106.565051177078,135.11831389240547,170.12439315187885,35.00607925947339,17.0,39.0,0.306,-0.702,86.7294644281861
0.08,0.03,0.12,100.55604521958348,137.51132779897958,170.73254553597937,33.221217736999805,19.0,29.0,0.342,-0.522,86.76981041814025
0.08,0.02,0.12,94.03624346792648,139.2763804021679,171.13137498951443,31.854994587346543,20.0,19.0,0.36,-0.342,77.42092740338364
0.08,0.01,0.12,87.1250163489018,140.35899570524057,171.35460217598126,30.995606470740697,21.0,8.0,0.378,-0.144,87.72684879784524
0.08,0.0,0.12,80.0,140.7239388565398,171.42612153127155,30.702182674731745,23.0,0.0,0.414,0.0,86.05230967266364
0.08,-0.01,0.12,72.8749836510982,140.35899570524057,171.35460217598126,30.995606470740697,22.0,-10.0,0.396,0.18,84.90583018850944
0.08,-0.02,0.12,65.96375653207352,139.2763804021679,171.13137498951443,31.854994587346543,21.0,-20.0,0.378,0.36,86.53900854527974
0.08,-0.03,0.12,59.44395478041653,137.51132779897958,170.73254553597937,33.221217736999805,23.0,-30.0,0.414,0.54,86.1278120005379
0.08,-0.04,0.12,53.43494882292201,135.11831389240547,170.12439315187885,35.00607925947339,24.0,-40.0,0.432,0.72,76.94153624668537
0.08,-0.05,0.12,47.994616791916506,132.1659034852314,169.2699045712968,37.1040010860654,25.0,-53.0,0.45,0.954,76.02631123499285
0.08,-0.06,0.12,43.13010235415598,128.7311692405338,168.1343989399437,39.40322969940991,27.0,-62.0,0.486,1.116,85.05292469985967
0.08,-0.07,0.12,38.81407483429035,124.89427231794797,166.68914579943367,41.794873481485695,25.0,-77.0,0.45,1.386,75.95393340703298
0.07,-0.07,0.12,35.0,129.34224671641658,168.34741299965646,39.005166283239845,6.0,-69.0,0.108,1.242,78.84795495128583
0.06,-0.07,0.12,30.601294645004465,133.46151314909193,169.658871680743,36.19735853165111,-1.0,-71.0,-0.018,1.278,77.79460135510689
0.05,-0.07,0.12,25.53767779197438,137.16401463675476,170.64905242482325,33.485037788068496,-11.0,-72.0,-0.198,1.296,78.7210264160726
0.05,-0.06,0.12,29.80557109226519,141.83133785218513,171.63146118223517,29.800123330050027,-15.0,-59.0,-0.27,1.062,78.39005038906404
0.06,-0.06,0.12,35.0,137.8605118603851,170.8148367150398,32.95432485465474,2.0,-62.0,0.036,1.116,76.90253571892151
0.07,-0.06,0.12,39.398705354995535,133.46151314909193,169.658871680743,36.19735853165111,14.0,-61.0,0.252,1.098,76.53103945458993
0.07,-0.05,0.12,44.46232220802562,137.16401463675476,170.64905242482325,33.485037788068496,9.0,-52.0,0.162,0.936,87.14355971613737
0.07,-0.04,0.12,50.255118703057775,140.35899570524057,171.35460217598126,30.995606470740697,11.0,-41.0,0.198,0.738,77.1621668954417
0.07,-0.03,0.12,56.801409486351815,142.95816410358125,171.8220673127333,28.8639032091521,10.0,-29.0,0.18,0.522,77.46612162745726
0.06,-0.03,0.12,53.43494882292201,148.0869167250413,172.4426377744681,24.35572104942682,-3.0,-27.0,-0.054,0.486,87.13208364316786
0.05,-0.03,0.12,49.03624346792648,152.7917689985149,172.61606691377924,19.824297915264356,-8.0,-30.0,-0.144,0.54,77.05841939723393
0.05,-0.04,0.12,41.34019174590991,149.7545868812887,172.5507440615227,22.796157180233987,-12.0,-38.0,-0.216,0.684,78.63841300535
0.06,-0.04,0.12,46.30993247402021,145.27336941040355,172.15376619373865,26.880396783335087,-4.0,-37.0,-0.072,0.666,87.00574693662483
0.06,-0.05,0.12,40.1944289077348,141.83133785218513,171.63146118223517,29.800123330050027,-1.0,-49.0,-0.018,0.882,86.70063436907483
0.05,-0.05,0.12,35.0,146.0643461094779,172.2479912259844,26.18364511650652,-13.0,-45.0,-0.234,0.81,87.66413177577246
0.05,-0.02,0.12,58.198590513648185,155.06734180042295,172.54254047140097,17.47519867097803,-4.0,-25.0,-0.072,0.45,74.81310045707235
0.06,-0.02,0.12,61.56505117707799,150.17886369340545,172.570342442144,22.391478748738567,-5.0,-18.0,-0.09,0.324,87.36131867136622
0.07,-0.02,0.12,64.05460409907715,144.88158087985204,172.10343471055006,27.221853830698013,9.0,-18.0,0.162,0.324,87.09190547921202
0.07,-0.01,0.12,71.86989764584402,146.0643461094779,172.2479912259844,26.18364511650652,7.0,-12.0,0.126,0.216,85.95929269136641
0.06,-0.01,0.12,70.53767779197437,151.470430312234,172.60943514370618,21.13900483147219,-2.0,-11.0,-0.036,0.198,85.95929269136641
0.05,-0.01,0.12,68.69006752597979,156.4823218069953,172.43802577281755,15.955703965822272,1.0,-13.0,0.018,0.234,76.96752561957543
0.05,0.0,0.12,80.0,156.96324040401964,172.39145162649356,15.42821122247392,1.0,-2.0,0.018,0.036,86.40023148117139
0.06,0.0,0.12,80.0,151.9074538329724,172.61545213559398,20.70799830262156,-1.0,-1.0,-0.018,0.018,86.83317338436964
0.07,0.0,0.12,80.0,146.46361476660906,172.2917476457367,25.828132879127686,7.0,-1.0,0.126,0.018,86.21484790916237
0.07,0.01,0.12,88.13010235415598,146.0643461094779,172.2479912259844,26.18364511650652,5.0,8.0,0.09,-0.144,86.55634003352961
0.06,0.01,0.12,89.46232220802563,151.470430312234,172.60943514370618,21.13900483147219,-2.0,8.0,-0.036,-0.144,86.55634003352961
0.05,0.01,0.12,91.3099324740202,156.4823218069953,172.43802577281755,15.955703965822272,-2.0,9.0,-0.036,-0.162,87.00574693662483
0.05,0.02,0.12,101.80140948635182,155.06734180042295,172.54254047140097,17.47519867097803,-6.0,19.0,-0.108,-0.342,87.66413177577246
0.06,0.02,0.12,98.434948822922,150.17886369340545,172.570342442144,22.391478748738567,-6.0,15.0,-0.108,-0.27,87.32124598286491
0.07,0.02,0.12,95.94539590092285,144.88158087985204,172.10343471055006,27.221853830698013,6.0,17.0,0.108,-0.306,86.82165628459296
0.07,0.03,0.12,103.19859051364818,142.95816410358125,171.8220673127333,28.8639032091521,6.0,26.0,0.108,-0.468,87.23531395025755
0.07,0.04,0.12,109.74488129694222,140.35899570524057,171.35460217598126,30.995606470740697,7.0,36.0,0.126,-0.648,87.28115489611719
0.07,0.05,0.12,115.53767779197436,137.16401463675476,170.64905242482325,33.485037788068496,5.0,48.0,0.09,-0.864,87.47571091451616
0.07,0.06,0.12,120.60129464500446,133.46151314909193,169.658871680743,36.19735853165111,5.0,58.0,0.09,-1.044,87.28115489611719
0.07,0.07,0.12,125.0,129.34224671641658,168.34741299965646,39.005166283239845,6.0,72.0,0.108,-1.296,74.00675644831355
0.06,0.07,0.12,129.39870535499554,133.46151314909193,169.658871680743,36.19735853165111,-6.0,66.0,-0.108,-1.188,87.14355971613737
0.05,0.07,0.12,134.46232220802565,137.16401463675476,170.64905242482325,33.485037788068496,-19.0,65.0,-0.342,-1.17,78.44743462982075
0.05,0.06,0.12,130.19442890773482,141.83133785218513,171.63146118223517,29.800123330050027,-20.0,53.0,-0.36,-0.954,87.82368700982668
0.06,0.06,0.12,125.0,137.8605118603851,170.8148367150398,32.95432485465474,-6.0,56.0,-0.108,-1.008,88.0056816347672
0.06,0.05,0.12,119.8055710922652,141.83133785218513,171.63146118223517,29.800123330050027,-6.0,42.0,-0.108,-0.756,87.96590248499699
0.06,0.04,0.12,113.6900675259798,145.27336941040355,172.15376619373865,26.880396783335087,-8.0,33.0,-0.144,-0.594,88.29496021857646
0.05,0.04,0.12,118.65980825409008,149.7545868812887,172.5507440615227,22.796157180233987,-18.0,30.0,-0.324,-0.54,88.68483523128404
0.05,0.05,0.12,125.0,146.0643461094779,172.2479912259844,26.18364511650652,-19.0,40.0,-0.342,-0.72,88.0056816347672
0.05,0.03,0.12,110.96375653207352,152.7917689985149,172.61606691377924,19.824297915264356,-11.0,24.0,-0.198,-0.432,87.64131445842195
0.06,0.03,0.12,106.565051177078,148.0869167250413,172.4426377744681,24.35572104942682,-8.0,24.0,-0.144,-0.432,87.31551981177229
