t0,t1,t2,t3,t4,t5 
-0.30536,1.5018,-1.3873,0.060087,0,0
-0.1555,1.4828,-1.3671,0.058877,0,0
-0.14136,1.4745,-1.3582,0.058254,0,0
-0.081871,1.4284,-1.3077,0.053806,0,0
-0.081871,1.4284,-1.3077,0.053806,0,0
-0.14197,1.5593,-1.4468,0.061966,0,0
-0.055268,1.9082,-1.7498,0.016138,0,0
0.064897,2.019,-1.8258,-0.018581,0,0
0.15167,2.0734,-1.8597,-0.03908,0,0
0.15167,2.0734,-1.8597,-0.03908,0,0
0.15167,2.0734,-1.8597,-0.03908,0,0
-0.076688,2.0424,-1.8407,-0.027137,0,0
-0.22562,1.9386,-1.7716,0.0075428,0,0
-0.26316,1.8974,-1.7418,0.019007,0,0
-0.26316,1.8974,-1.7418,0.019007,0,0
-0.32267,1.8548,-1.7097,0.029454,0,0
-0.19413,2.0877,-1.8683,-0.044873,0,0
0.33155,2.2078,-1.9339,-0.099299,0,0
0.45861,2.0893,-1.8692,-0.045506,0,0
0.50099,2.0321,-1.8343,-0.023335,0,0
0.53094,1.9744,-1.7964,-0.003485,0,0
-0.053181,1.8992,-1.7432,0.018517,0,0
-0.26528,1.9264,-1.7629,0.011081,0,0
-0.042271,2.1451,-1.901,-0.069555,0,0
0.06274,2.2326,-1.9461,-0.11188,0,0
0.15974,2.2908,-1.973,-0.1432,0,0
0.15974,2.2908,-1.973,-0.1432,0,0
-0.27824,2.1916,-1.9257,-0.091358,0,0
-0.46369,1.9625,-1.7883,0.00028571,0,0
-0.39046,2.0322,-1.8343,-0.023376,0,0
-0.37332,2.0417,-1.8403,-0.026884,0,0
-0.31325,2.0731,-1.8596,-0.038993,0,0
-0.31993,1.7695,-1.641,0.046028,0,0
-0.22253,1.4917,-1.3766,0.05948,0,0
-0.20764,1.4848,-1.3693,0.059018,0,0
-0.17519,1.4824,-1.3667,0.05885,0,0
-0.16206,1.4802,-1.3643,0.058687,0,0
0.06098,1.7784,-1.6484,0.044577,0,0
0.20501,1.9975,-1.8118,-0.011116,0,0
0.30394,2.0796,-1.8635,-0.041586,0,0
0.30394,2.0796,-1.8635,-0.041586,0,0
0.37271,2.1142,-1.8837,-0.05596,0,0
0.1246,1.7544,-1.6282,0.048372,0,0
0.12844,1.5874,-1.4748,0.061907,0,0
0.23986,1.5056,-1.3913,0.060294,0,0
0.27694,1.4905,-1.3753,0.059401,0,0
0.27694,1.4905,-1.3753,0.059401,0,0
0.30204,1.4919,-1.3768,0.059491,0,0
0.41698,1.5469,-1.4342,0.061788,0,0
-0.086218,1.754,-1.6279,0.048424,0,0
-0.34825,1.6284,-1.5145,0.060675,0,0
-0.4394,1.547,-1.4342,0.061788,0,0
-0.51211,1.4953,-1.3805,0.059709,0,0
-0.51211,1.4953,-1.3805,0.059709,0,0
-0.51211,1.4953,-1.3805,0.059709,0,0
-0.58915,1.6489,-1.5339,0.059543,0,0
-0.60717,1.6929,-1.5743,0.055976,0,0
-0.60717,1.6929,-1.5743,0.055976,0,0
-0.62567,1.7541,-1.628,0.048414,0,0
-0.38365,1.916,-1.7555,0.013987,0,0
-0.29209,1.8021,-1.668,0.040374,0,0
-0.44308,1.6797,-1.5623,0.057213,0,0
-0.51445,1.6061,-1.493,0.061515,0,0
-0.51445,1.6061,-1.493,0.061515,0,0
-0.55727,1.5761,-1.4636,0.062008,0,0
-0.41501,1.5315,-1.4184,0.061394,0,0
-0.18779,1.7595,-1.6325,0.047607,0,0
-0.19952,1.8861,-1.7335,0.021913,0,0
-0.19928,1.9089,-1.7503,0.015947,0,0
-0.19946,1.9529,-1.7816,0.0032595,0,0
-0.41509,1.8044,-1.6698,0.039942,0,0
-0.50253,1.6448,-1.5301,0.059796,0,0
-0.54502,1.5531,-1.4405,0.061893,0,0
-0.54502,1.5531,-1.4405,0.061893,0,0
-0.54502,1.5531,-1.4405,0.061893,0,0
-0.34332,1.5409,-1.428,0.061655,0,0
-0.19916,1.5433,-1.4305,0.061713,0,0
-0.16876,1.5372,-1.4242,0.06156,0,0
-0.12568,1.519,-1.4054,0.060931,0,0
-0.12568,1.519,-1.4054,0.060931,0,0
0.013492,1.6952,-1.5764,0.055744,0,0
-0.27432,1.8253,-1.6866,0.035829,0,0
-0.47209,1.7366,-1.6129,0.050883,0,0
-0.52676,1.6627,-1.5467,0.058596,0,0
-0.55544,1.6527,-1.5375,0.059295,0,0
-0.55544,1.6527,-1.5375,0.059295,0,0
-0.4125,1.8732,-1.7238,0.025113,0,0
-0.30742,2.0207,-1.827,-0.019208,0,0
-0.24562,2.0753,-1.8609,-0.039867,0,0
-0.24562,2.0753,-1.8609,-0.039867,0,0
-0.18337,2.1068,-1.8795,-0.052815,0,0
0.33773,2.1231,-1.8888,-0.059783,0,0
0.67978,1.7635,-1.636,0.046976,0,0
0.67978,1.7635,-1.636,0.046976,0,0
0.18365,1.606,-1.493,0.061516,0,0
0.15833,1.6364,-1.5221,0.060275,0,0
0.38792,1.7203,-1.5988,0.052957,0,0
0.48501,1.7201,-1.5986,0.052986,0,0
0.56085,1.7075,-1.5874,0.054441,0,0
0.57462,1.7015,-1.582,0.055098,0,0
0.57462,1.7015,-1.582,0.055098,0,0
0.33812,1.7011,-1.5817,0.055136,0,0
0.040691,1.4836,-1.368,0.058938,0,0
0.0059974,1.3918,-1.2663,0.049046,0,0
0.0059974,1.3918,-1.2663,0.049046,0,0
-0.0047871,1.3308,-1.195,0.03873,0,0
0.10258,1.3478,-1.2152,0.041907,0,0
-0.075843,1.7282,-1.6056,0.051984,0,0
-0.28342,1.8566,-1.7111,0.029024,0,0
-0.38404,1.8989,-1.743,0.018598,0,0
-0.4061,1.9003,-1.744,0.018233,0,0
-0.48396,1.9076,-1.7493,0.016292,0,0
-0.50537,2.0652,-1.8548,-0.035864,0,0
-0.16571,2.5133,-2.0524,-0.28632,0,0
0.064053,2.5859,-2.07,-0.34135,0,0
0.2469,2.6176,-2.0763,-0.3667,0,0
0.2469,2.6176,-2.0763,-0.3667,0,0
0.2469,2.6176,-2.0763,-0.3667,0,0
-0.21678,2.3503,-1.9979,-0.17786,0,0
-0.35946,2.0265,-1.8307,-0.021299,0,0
-0.42056,1.8933,-1.7388,0.020069,0,0
-0.42056,1.8933,-1.7388,0.020069,0,0
-0.44822,1.8257,-1.6869,0.035747,0,0
-0.49166,2.0314,-1.8338,-0.023076,0,0
-0.506,2.2661,-1.962,-0.12964,0,0
-0.42481,2.1146,-1.8839,-0.056096,0,0
-0.42481,2.1146,-1.8839,-0.056096,0,0
-0.12083,1.8072,-1.6721,0.039418,0,0
-0.023048,1.6858,-1.5679,0.056656,0,0
0.018254,1.6095,-1.4964,0.061411,0,0
0.029035,1.597,-1.4842,0.06174,0,0
0.029035,1.597,-1.4842,0.06174,0,0
-0.18583,2.0219,-1.8277,-0.019639,0,0
-0.11946,2.3198,-1.9855,-0.15976,0,0
0.17311,2.2035,-1.9318,-0.097186,0,0
0.30491,2.0757,-1.8612,-0.040032,0,0
0.30491,2.0757,-1.8612,-0.040032,0,0
0.35471,1.9964,-1.8111,-0.010748,0,0
-0.24035,2.1928,-1.9263,-0.091923,0,0
-0.63723,2.1398,-1.8981,-0.067165,0,0
-0.74641,2.0618,-1.8527,-0.034534,0,0
-0.80187,1.966,-1.7906,-0.00079728,0,0
-0.80187,1.966,-1.7906,-0.00079728,0,0
-0.80187,1.966,-1.7906,-0.00079728,0,0
-0.37613,2.016,-1.8239,-0.017538,0,0
-0.32963,2.0971,-1.8739,-0.048743,0,0
-0.61745,2.1304,-1.8929,-0.062989,0,0
-0.76657,2.0801,-1.8638,-0.041767,0,0
-0.76657,2.0801,-1.8638,-0.041767,0,0
-0.83365,2.0445,-1.8421,-0.027937,0,0
-0.67989,2.2664,-1.9621,-0.12977,0,0
-0.34218,1.9924,-1.8085,-0.0094045,0,0
-0.35904,1.7402,-1.6161,0.05039,0,0
-0.35099,1.6263,-1.5126,0.060768,0,0
-0.34926,1.604,-1.4911,0.06157,0,0
-0.34944,1.5799,-1.4674,0.061985,0,0
-0.19406,1.616,-1.5027,0.061189,0,0
-0.1465,1.6784,-1.5612,0.057325,0,0
-0.1465,1.6784,-1.5612,0.057325,0,0
-0.1465,1.6784,-1.5612,0.057325,0,0
-0.018369,1.5788,-1.4662,0.061993,0,0
-0.00024166,1.5259,-1.4126,0.061201,0,0
-0.00024166,1.5259,-1.4126,0.061201,0,0
-0.25288,1.9638,-1.7892,-0.00011954,0,0
-0.04911,2.0203,-1.8267,-0.019056,0,0
0.082492,1.8154,-1.6787,0.037832,0,0
0.19072,1.6585,-1.5429,0.058898,0,0
0.2246,1.5803,-1.4678,0.061982,0,0
0.2246,1.5803,-1.4678,0.061982,0,0
0.2246,1.5803,-1.4678,0.061982,0,0
0.13205,1.671,-1.5544,0.057949,0,0
0.04709,1.8005,-1.6666,0.040678,0,0
0.04709,1.8005,-1.6666,0.040678,0,0
-0.0093069,1.8477,-1.7042,0.031043,0,0
0.24326,1.6788,-1.5615,0.057293,0,0
0.36342,1.4678,-1.351,0.057715,0,0
0.33647,1.4779,-1.3619,0.058522,0,0
0.29681,1.5006,-1.3861,0.060021,0,0
-0.25059,2.0825,-1.8652,-0.042758,0,0
-0.61935,2.1303,-1.8928,-0.062931,0,0
-0.43706,2.1724,-1.9157,-0.082121,0,0
-0.35837,2.1722,-1.9156,-0.082046,0,0
-0.29804,2.1627,-1.9106,-0.077591,0,0
-0.29804,2.1627,-1.9106,-0.077591,0,0
-0.069232,1.8075,-1.6723,0.039356,0,0
-0.33304,1.7494,-1.6239,0.049103,0,0
-0.54319,1.7804,-1.6501,0.044241,0,0
-0.63003,1.7712,-1.6424,0.045767,0,0
-0.63003,1.7712,-1.6424,0.045767,0,0
-0.69534,1.7469,-1.6218,0.049462,0,0
-0.3384,1.8457,-1.7027,0.031481,0,0
-0.075668,1.9888,-1.8061,-0.008198,0,0
-0.20602,2.1389,-1.8976,-0.066746,0,0
-0.2565,2.1891,-1.9244,-0.09011,0,0
-0.2698,2.2063,-1.9332,-0.09855,0,0
-0.28708,2.2242,-1.9421,-0.10757,0,0
0.20754,2.2168,-1.9384,-0.10381,0,0
0.47167,2.0333,-1.835,-0.023777,0,0
0.55466,1.9098,-1.751,0.015687,0,0
0.59558,1.8645,-1.7172,0.027188,0,0
0.59558,1.8645,-1.7172,0.027188,0,0
-0.034315,2.3322,-1.9906,-0.16702,0,0
-0.43122,2.3501,-1.9978,-0.17772,0,0
-0.73675,2.2449,-1.9521,-0.1183,0,0
-0.73675,2.2449,-1.9521,-0.1183,0,0
-0.81257,2.1708,-1.9149,-0.081389,0,0
-0.81257,2.1708,-1.9149,-0.081389,0,0
-0.53707,1.8452,-1.7023,0.031592,0,0
-0.36238,1.6765,-1.5595,0.057487,0,0
-0.3669,1.7,-1.5807,0.055252,0,0
-0.38132,1.7332,-1.61,0.051328,0,0
0.046449,1.8083,-1.673,0.039206,0,0
0.28453,1.6639,-1.5479,0.058502,0,0
0.37945,1.5713,-1.4588,0.062019,0,0
0.39305,1.5627,-1.4502,0.061992,0,0
0.43794,1.521,-1.4075,0.061013,0,0
0.030409,1.7532,-1.6272,0.04855,0,0
-0.1126,1.8928,-1.7385,0.020185,0,0
0.074256,1.9514,-1.7806,0.0037098,0,0
0.18218,1.9648,-1.7899,-0.00042976,0,0
0.25607,1.9594,-1.7862,0.0012483,0,0
0.25607,1.9594,-1.7862,0.0012483,0,0
0.47271,2.0083,-1.8189,-0.014835,0,0
0.57267,2.0217,-1.8276,-0.019544,0,0
0.59076,2.0245,-1.8294,-0.020553,0,0
0.65036,2.033,-1.8348,-0.023664,0,0
-0.0077074,1.9211,-1.7591,0.012578,0,0
-0.32399,1.4277,-1.3069,0.053719,0,0
-0.27436,1.4228,-1.3014,0.05314,0,0
-0.26187,1.4192,-1.2974,0.052707,0,0
-0.26187,1.4192,-1.2974,0.052707,0,0
-0.42404,1.722,-1.6002,0.052758,0,0
-0.5284,1.8087,-1.6733,0.03913,0,0
-0.60249,1.8638,-1.7166,0.027363,0,0
-0.65167,1.8883,-1.7351,0.02136,0,0
-0.65167,1.8883,-1.7351,0.02136,0,0
-0.46712,2.0451,-1.8424,-0.028151,0,0
0.16956,2.1843,-1.922,-0.08783,0,0
0.28079,2.1567,-1.9074,-0.074837,0,0
0.32232,2.1429,-1.8998,-0.068534,0,0
0.36534,2.1244,-1.8895,-0.060349,0,0
0.33519,2.2239,-1.942,-0.10745,0,0
0.273,2.3097,-1.9812,-0.15395,0,0
0.26005,2.3285,-1.9891,-0.16487,0,0
0.20551,2.3845,-2.011,-0.19894,0,0
0.11319,2.3439,-1.9954,-0.17401,0,0
0.44241,1.8683,-1.7201,0.026279,0,0
0.56602,1.6446,-1.5299,0.05981,0,0
0.59451,1.56,-1.4475,0.061972,0,0
0.59451,1.56,-1.4475,0.061972,0,0
0.62648,1.472,-1.3556,0.058063,0,0
0.55256,1.914,-1.754,0.014546,0,0
-0.18914,2.1122,-1.8826,-0.055083,0,0
-0.33953,1.8914,-1.7375,0.020543,0,0
-0.39879,1.7693,-1.6408,0.046068,0,0
-0.41473,1.7388,-1.6149,0.050581,0,0
-0.42899,1.6983,-1.5792,0.055427,0,0
-0.2327,1.5846,-1.472,0.061942,0,0
-0.11718,1.5097,-1.3957,0.060506,0,0
-0.080486,1.487,-1.3717,0.059172,0,0
-0.080486,1.487,-1.3717,0.059172,0,0
-0.080486,1.487,-1.3717,0.059172,0,0
-0.16388,1.4681,-1.3513,0.057743,0,0
-0.20189,1.4917,-1.3767,0.059482,0,0
-0.23075,1.5085,-1.3944,0.060445,0,0
-0.23075,1.5085,-1.3944,0.060445,0,0
-0.17949,1.6428,-1.5282,0.059915,0,0
0.28554,2.056,-1.8492,-0.032309,0,0
0.57456,2.1476,-1.9024,-0.070647,0,0
0.76502,2.129,-1.8921,-0.062351,0,0
0.83879,2.1059,-1.8789,-0.052397,0,0
0.83879,2.1059,-1.8789,-0.052397,0,0
0.41867,2.5108,-2.0518,-0.28455,0,0
0.031556,2.621,-2.077,-0.36954,0,0
-0.17445,2.6381,-2.0799,-0.38362,0,0
-0.30159,2.628,-2.0782,-0.3753,0,0
-0.30159,2.628,-2.0782,-0.3753,0,0
-0.58214,2.4717,-2.0405,-0.25674,0,0
-0.62711,2.3278,-1.9888,-0.16442,0,0
-0.65462,2.2494,-1.9542,-0.12071,0,0
-0.65462,2.2494,-1.9542,-0.12071,0,0
0.16718,2.2129,-1.9365,-0.10185,0,0
0.20733,1.6808,-1.5634,0.057108,0,0
0.011158,1.5802,-1.4676,0.061983,0,0
-0.059272,1.5341,-1.421,0.061472,0,0
-0.082054,1.5172,-1.4036,0.060855,0,0
-0.10927,1.4904,-1.3752,0.059394,0,0
0.21245,1.6287,-1.5148,0.060659,0,0
0.2268,2.1221,-1.8882,-0.059352,0,0
-0.18542,2.3513,-1.9983,-0.17848,0,0
-0.38037,2.3868,-2.0119,-0.20038,0,0
-0.54778,2.3897,-2.0129,-0.20221,0,0
-0.54778,2.3897,-2.0129,-0.20221,0,0
-0.62221,2.3841,-2.0109,-0.1987,0,0
-0.60731,1.8984,-1.7426,0.018736,0,0
-0.52552,1.7084,-1.5883,0.054339,0,0
-0.46991,1.8132,-1.6769,0.038261,0,0
-0.43528,1.9025,-1.7456,0.017655,0,0
-0.43528,1.9025,-1.7456,0.017655,0,0
-0.39279,2.021,-1.8272,-0.019319,0,0
-0.50432,2.0648,-1.8545,-0.035698,0,0
-0.592,1.9579,-1.7851,0.0017104,0,0
-0.64697,1.8863,-1.7336,0.021865,0,0
-0.64697,1.8863,-1.7336,0.021865,0,0
-0.44911,2.112,-1.8824,-0.054989,0,0
-0.30608,2.2913,-1.9733,-0.1435,0,0
-0.11251,2.391,-2.0134,-0.20307,0,0
-0.11251,2.391,-2.0134,-0.20307,0,0
-0.11251,2.391,-2.0134,-0.20307,0,0
0.73147,2.2606,-1.9594,-0.12668,0,0
0.77009,2.0818,-1.8648,-0.042459,0,0
0.80456,1.9951,-1.8102,-0.010293,0,0
0.82851,1.9579,-1.7851,0.0017397,0,0
0.82851,1.9579,-1.7851,0.0017397,0,0
0.43981,2.1623,-1.9103,-0.077392,0,0
0.2162,2.1929,-1.9264,-0.09196,0,0
0.077369,2.1821,-1.9208,-0.086772,0,0
0.0026246,2.162,-1.9102,-0.077283,0,0
0.0026246,2.162,-1.9102,-0.077283,0,0
-0.16373,1.9311,-1.7663,0.0097378,0,0
-0.32036,1.6751,-1.5582,0.057603,0,0
-0.36337,1.7441,-1.6194,0.049849,0,0
-0.36337,1.7441,-1.6194,0.049849,0,0
-0.49379,1.7943,-1.6616,0.041807,0,0
-0.49379,1.7943,-1.6616,0.041807,0,0
-0.49379,1.7943,-1.6616,0.041807,0,0
0.011876,1.9431,-1.7748,0.0062034,0,0
0.29779,1.8313,-1.6914,0.034587,0,0
0.44245,1.7113,-1.5908,0.054013,0,0
0.48862,1.6544,-1.5391,0.059183,0,0
0.48862,1.6544,-1.5391,0.059183,0,0
0.53599,1.6142,-1.5009,0.061254,0,0
0.34378,1.688,-1.5699,0.05645,0,0
-0.014428,1.6012,-1.4884,0.061643,0,0
-0.098945,1.5142,-1.4004,0.060719,0,0
-0.14231,1.4555,-1.3376,0.05663,0,0
-0.14231,1.4555,-1.3376,0.05663,0,0
-0.13731,1.9834,-1.8025,-0.0064129,0,0
-0.010188,2.4608,-2.0371,-0.24915,0,0
0.025483,2.2095,-1.9348,-0.10015,0,0
0.024908,2.1685,-1.9137,-0.080308,0,0
0.019875,2.0913,-1.8704,-0.046328,0,0
0.23199,1.937,-1.7705,0.0080132,0,0
0.53857,1.9959,-1.8108,-0.010561,0,0
0.60942,2.1223,-1.8883,-0.059429,0,0
0.66997,2.1941,-1.927,-0.092546,0,0
0.66997,2.1941,-1.927,-0.092546,0,0
0.40712,1.9254,-1.7623,0.011345,0,0
0.28596,1.7678,-1.6396,0.046303,0,0
0.23858,1.6844,-1.5666,0.056787,0,0
0.19394,1.6169,-1.5035,0.061158,0,0
0.19394,1.6169,-1.5035,0.061158,0,0
-0.1128,1.7153,-1.5943,0.053562,0,0
-0.44343,1.9892,-1.8063,-0.0083147,0,0
-0.46488,2.1698,-1.9143,-0.080898,0,0
-0.49084,2.2643,-1.9611,-0.12867,0,0
-0.49048,2.2855,-1.9707,-0.14028,0,0
-0.49236,2.3105,-1.9816,-0.15441,0,0
-0.44897,2.0763,-1.8615,-0.040253,0,0
0.12667,1.8615,-1.7148,0.027899,0,0
0.42168,1.6953,-1.5765,0.055731,0,0
0.51733,1.5941,-1.4813,0.061799,0,0
0.55278,1.5466,-1.4338,0.06178,0,0
0.59321,1.5013,-1.3868,0.060059,0,0
0.59321,1.5013,-1.3868,0.060059,0,0
0.14568,2.1058,-1.8789,-0.052375,0,0
0.21466,2.0844,-1.8664,-0.043523,0,0
0.26418,2.0425,-1.8408,-0.027186,0,0
0.38881,1.9208,-1.7589,0.012655,0,0
0.44019,1.862,-1.7153,0.027771,0,0
0.46422,1.8228,-1.6846,0.036354,0,0
0.46422,1.8228,-1.6846,0.036354,0,0
0.37461,1.8231,-1.6848,0.036294,0,0
-0.077602,1.6011,-1.4882,0.061647,0,0
-0.16482,1.4579,-1.3402,0.056849,0,0
-0.19765,1.3945,-1.2694,0.04943,0,0
-0.2142,1.3641,-1.2343,0.04473,0,0
-0.22082,1.3427,-1.2092,0.040975,0,0
-0.28261,1.658,-1.5424,0.058936,0,0
-0.29712,1.8046,-1.6699,0.039917,0,0
-0.33511,1.9064,-1.7485,0.016618,0,0
-0.33511,1.9064,-1.7485,0.016618,0,0
-0.33511,1.9064,-1.7485,0.016618,0,0
-0.37254,2.1216,-1.8879,-0.059132,0,0
-0.40304,2.2483,-1.9537,-0.12012,0,0
-0.40304,2.2483,-1.9537,-0.12012,0,0
-0.4022,2.3107,-1.9816,-0.15449,0,0
-0.17773,2.2881,-1.9719,-0.14173,0,0
0.063435,1.7677,-1.6395,0.046325,0,0
0.032121,1.5904,-1.4778,0.061862,0,0
0.016516,1.4928,-1.3779,0.059554,0,0
0.0099535,1.472,-1.3555,0.058057,0,0
0.0099535,1.472,-1.3555,0.058057,0,0
0.004031,1.6528,-1.5376,0.05929,0,0
0.21099,1.6096,-1.4964,0.061409,0,0
0.27335,1.4613,-1.344,0.057161,0,0
0.29733,1.3927,-1.2674,0.049179,0,0
0.31875,1.3187,-1.1805,0.036325,0,0
0.31875,1.3187,-1.1805,0.036325,0,0
-0.040525,1.9846,-1.8033,-0.0068109,0,0
-0.2492,2.1516,-1.9046,-0.072492,0,0
-0.039306,2.0388,-1.8385,-0.025788,0,0
0.02975,1.9648,-1.7899,-0.00043349,0,0
0.080517,1.9019,-1.7452,0.017806,0,0
0.080517,1.9019,-1.7452,0.017806,0,0
0.35067,1.6718,-1.5552,0.05788,0,0
0.52008,1.4871,-1.3718,0.059181,0,0
0.46841,1.4814,-1.3657,0.058779,0,0
0.47123,1.365,-1.2354,0.044877,0,0
0.59763,1.5218,-1.4083,0.061044,0,0
0.70684,1.7245,-1.6024,0.052444,0,0
0.76199,1.7817,-1.6512,0.044014,0,0
0.8083,1.8049,-1.6702,0.039849,0,0
0.8083,1.8049,-1.6702,0.039849,0,0
0.5111,1.5884,-1.4757,0.061894,0,0
0.39149,1.5168,-1.4032,0.060838,0,0
0.53338,1.6519,-1.5367,0.05935,0,0
0.60968,1.689,-1.5708,0.056352,0,0
0.60968,1.689,-1.5708,0.056352,0,0
0.65379,1.7061,-1.5862,0.054599,0,0
0.46603,1.5557,-1.4431,0.061926,0,0
0.24008,1.5402,-1.4273,0.061638,0,0
0.24455,1.6253,-1.5116,0.060812,0,0
0.24418,1.6459,-1.5311,0.059733,0,0
0.24434,1.667,-1.5507,0.058264,0,0
-0.051317,1.5821,-1.4695,0.061968,0,0
-0.18444,1.4295,-1.3089,0.053931,0,0
-0.24176,1.3853,-1.2588,0.048078,0,0
-0.2752,1.3191,-1.181,0.036414,0,0
-0.2752,1.3191,-1.181,0.036414,0,0
-0.15166,1.3944,-1.2693,0.049413,0,0
0.063342,1.6248,-1.5111,0.060834,0,0
0.16204,1.7323,-1.6092,0.051447,0,0
0.16204,1.7323,-1.6092,0.051447,0,0
0.20413,1.773,-1.6439,0.045466,0,0
0.034947,2.1698,-1.9143,-0.080897,0,0
0.35333,1.9489,-1.7789,0.0044699,0,0
0.45954,1.6191,-1.5056,0.061072,0,0
0.51694,1.4393,-1.3198,0.055014,0,0
0.52021,1.414,-1.2915,0.052052,0,0
0.53683,1.3115,-1.1718,0.034842,0,0
0.53683,1.3115,-1.1718,0.034842,0,0
0.31661,1.7935,-1.661,0.041945,0,0
0.37179,1.9382,-1.7713,0.0076747,0,0
0.47158,1.6584,-1.5428,0.058908,0,0
0.52743,1.5339,-1.4208,0.061465,0,0
0.53429,1.5167,-1.403,0.060833,0,0
0.54354,1.4761,-1.3599,0.058379,0,0
0.50099,1.3808,-1.2537,0.0474,0,0
0.46042,1.3523,-1.2205,0.042701,0,0
0.46042,1.3523,-1.2205,0.042701,0,0
0.5936,1.7698,-1.6412,0.045988,0,0
0.71733,1.908,-1.7496,0.016178,0,0
0.83953,2.0019,-1.8147,-0.012615,0,0
0.85744,2.0071,-1.8181,-0.014412,0,0
0.87753,2.0149,-1.8232,-0.017145,0,0
0.39728,2.4771,-2.0421,-0.26046,0,0
-0.17477,2.5433,-2.0602,-0.30851,0,0
-0.22373,2.172,-1.9155,-0.081976,0,0
-0.40289,2.427,-2.0261,-0.22635,0,0
-0.40289,2.427,-2.0261,-0.22635,0,0
-0.10475,1.8518,-1.7074,0.030124,0,0
0.24842,1.4391,-1.3196,0.054988,0,0
0.34951,1.4607,-1.3433,0.057103,0,0
0.42367,1.416,-1.2938,0.052309,0,0
0.43535,1.4044,-1.2807,0.050808,0,0
0.44441,1.3917,-1.2662,0.049022,0,0
0.38085,1.461,-1.3436,0.057132,0,0
0.38085,1.461,-1.3436,0.057132,0,0
0.35076,1.4993,-1.3848,0.059948,0,0
0.21676,1.4038,-1.28,0.050722,0,0
0.19902,1.3268,-1.1902,0.037949,0,0
0.19902,1.3268,-1.1902,0.037949,0,0
0.19074,1.3124,-1.1729,0.035038,0,0
0.11443,1.2574,-1.1053,0.022397,0,0
0.059361,1.2856,-1.1403,0.029179,0,0
0.059361,1.2856,-1.1403,0.029179,0,0
0.12863,1.8032,-1.6688,0.040173,0,0
0.2474,2.0841,-1.8662,-0.043411,0,0
0.17403,1.9357,-1.7695,0.0084065,0,0
0.13484,1.8402,-1.6984,0.032684,0,0
0.12554,1.8241,-1.6857,0.036072,0,0
0.11693,1.8055,-1.6707,0.039736,0,0
-0.17431,1.8577,-1.712,0.028768,0,0
-0.34168,1.8985,-1.7427,0.018706,0,0
-0.37603,1.9014,-1.7448,0.017943,0,0
-0.43503,1.9009,-1.7444,0.018084,0,0
-0.43503,1.9009,-1.7444,0.018084,0,0
0.025082,1.9726,-1.7951,-0.002893,0,0
0.43784,1.5683,-1.4558,0.062017,0,0
0.42129,1.5608,-1.4482,0.061978,0,0
0.37289,1.5345,-1.4215,0.061485,0,0
0.40391,1.822,-1.684,0.036512,0,0
0.46571,1.7313,-1.6083,0.051586,0,0
0.4541,1.5655,-1.453,0.062008,0,0
0.44737,1.5467,-1.4339,0.061783,0,0
0.42572,1.4627,-1.3455,0.057283,0,0
0.47304,1.6938,-1.5752,0.055884,0,0
0.63689,2.011,-1.8207,-0.015774,0,0
0.63689,2.011,-1.8207,-0.015774,0,0
0.69987,2.06,-1.8516,-0.033826,0,0
-0.019789,2.0415,-1.8402,-0.026801,0,0
-0.10266,1.7814,-1.6509,0.044075,0,0
0.079618,1.8612,-1.7146,0.027976,0,0
0.21663,1.865,-1.7176,0.027064,0,0
0.24582,1.8605,-1.7141,0.028119,0,0
0.26201,1.8565,-1.711,0.029049,0,0
-0.013198,1.7447,-1.62,0.049762,0,0
-0.1749,1.6342,-1.52,0.06039,0,0
-0.2299,1.5845,-1.4719,0.061942,0,0
-0.2449,1.5769,-1.4644,0.062004,0,0
-0.2976,1.5423,-1.4295,0.06169,0,0
-0.055356,1.8389,-1.6973,0.032981,0,0
-0.24438,2.0267,-1.8308,-0.021376,0,0
-0.50361,1.8831,-1.7312,0.022671,0,0
-0.6049,1.7864,-1.6551,0.04321,0,0
-0.64095,1.7472,-1.6221,0.049412,0,0
-0.65593,1.7206,-1.599,0.05292,0,0
-0.65593,1.7206,-1.599,0.05292,0,0
-0.084133,1.7411,-1.6168,0.050275,0,0
0.24924,1.8524,-1.7079,0.029985,0,0
0.12384,2.1222,-1.8883,-0.059413,0,0
0.048925,2.2569,-1.9577,-0.12467,0,0
0.014795,2.3121,-1.9822,-0.1553,0,0
-0.014614,2.3426,-1.9948,-0.17319,0,0
-0.2259,2.2055,-1.9328,-0.098156,0,0
-0.26653,2.0181,-1.8253,-0.018269,0,0
-0.27325,1.9762,-1.7976,-0.0040692,0,0
-0.27814,1.95,-1.7796,0.0041557,0,0
0.20781,1.9626,-1.7883,0.00025761,0,0
0.48433,1.8082,-1.6729,0.039229,0,0
0.60105,1.7099,-1.5896,0.054172,0,0
0.62711,1.6746,-1.5577,0.057647,0,0
0.64198,1.6415,-1.5269,0.059994,0,0
-0.056452,1.8857,-1.7332,0.021998,0,0
-0.35501,1.6996,-1.5804,0.055293,0,0
-0.47414,1.5735,-1.461,0.062016,0,0
-0.52712,1.5054,-1.3912,0.060286,0,0
-0.52712,1.5054,-1.3912,0.060286,0,0
-0.56585,1.4567,-1.3389,0.056738,0,0
-0.18072,1.6374,-1.5231,0.060217,0,0
0.075257,1.6635,-1.5475,0.05853,0,0
0.018387,1.7468,-1.6217,0.049475,0,0
-0.023786,1.7758,-1.6463,0.045004,0,0
-0.023786,1.7758,-1.6463,0.045004,0,0
-0.092549,2.0437,-1.8415,-0.027631,0,0
-0.51119,2.2462,-1.9527,-0.119,0,0
-0.67165,2.1497,-1.9036,-0.071633,0,0
-0.73819,2.0731,-1.8596,-0.038995,0,0
-0.73819,2.0731,-1.8596,-0.038995,0,0
-0.73819,2.0731,-1.8596,-0.038995,0,0
-0.26423,1.9169,-1.7561,0.013747,0,0
-0.0078132,1.7371,-1.6134,0.050817,0,0
0.069721,1.6213,-1.5077,0.060985,0,0
0.11328,1.5643,-1.4518,0.062002,0,0
0.11328,1.5643,-1.4518,0.062002,0,0
0.11328,1.5643,-1.4518,0.062002,0,0
0.34939,1.751,-1.6253,0.048869,0,0
0.4734,1.8388,-1.6972,0.033004,0,0
0.56634,1.8639,-1.7167,0.027333,0,0
0.58225,1.8697,-1.7211,0.025946,0,0
0.58225,1.8697,-1.7211,0.025946,0,0
0.17027,2.0017,-1.8146,-0.012553,0,0
-0.26429,2.0173,-1.8248,-0.017995,0,0
-0.19837,2.1637,-1.9111,-0.078078,0,0
-0.19837,2.1637,-1.9111,-0.078078,0,0
-0.16991,2.2438,-1.9515,-0.11773,0,0
-0.16991,2.2438,-1.9515,-0.11773,0,0
-0.0043967,1.9454,-1.7764,0.005519,0,0
0.092948,1.8708,-1.7219,0.025699,0,0
0.11962,1.8477,-1.7042,0.031052,0,0
0.1349,1.8326,-1.6924,0.034315,0,0
0.20922,1.6607,-1.5449,0.058738,0,0
0.22034,1.5991,-1.4862,0.061695,0,0
0.22034,1.5991,-1.4862,0.061695,0,0
-0.006084,1.769,-1.6405,0.046123,0,0
0.054029,2.2644,-1.9612,-0.12872,0,0
0.31588,2.3949,-2.0148,-0.20552,0,0
0.51939,2.4293,-2.0269,-0.22791,0,0
0.62066,2.4297,-2.027,-0.22815,0,0
0.62066,2.4297,-2.027,-0.22815,0,0
-0.16121,2.5215,-2.0546,-0.29231,0,0
-0.24262,1.9712,-1.7942,-0.0024445,0,0
-0.13081,1.7594,-1.6325,0.047616,0,0
-0.088288,1.6554,-1.54,0.059115,0,0
-0.088288,1.6554,-1.54,0.059115,0,0
-0.075285,1.6258,-1.512,0.060793,0,0
0.27002,1.6568,-1.5413,0.059016,0,0
0.45015,1.5981,-1.4853,0.061717,0,0
0.52874,1.4997,-1.3852,0.059971,0,0
0.52874,1.4997,-1.3852,0.059971,0,0
0.58126,1.4542,-1.3362,0.05651,0,0
0.37731,1.7324,-1.6093,0.051436,0,0
-0.2038,1.902,-1.7453,0.017776,0,0
-0.36393,1.816,-1.6791,0.037714,0,0
-0.46791,1.6795,-1.5622,0.057226,0,0
-0.46791,1.6795,-1.5622,0.057226,0,0
-0.46791,1.6795,-1.5622,0.057226,0,0
-0.32348,1.7024,-1.5829,0.054994,0,0
-0.24524,1.6834,-1.5657,0.056879,0,0
-0.1944,1.6528,-1.5376,0.059289,0,0
-0.1944,1.6528,-1.5376,0.059289,0,0
0.22039,2.0272,-1.8311,-0.021527,0,0
0.54039,2.102,-1.8767,-0.050755,0,0
0.66935,2.0903,-1.8699,-0.045943,0,0
0.76074,2.0527,-1.8472,-0.031048,0,0
0.76074,2.0527,-1.8472,-0.031048,0,0
0.017804,2.4438,-2.0317,-0.2376,0,0
-0.46551,2.3614,-2.0023,-0.1846,0,0
-0.62944,2.2351,-1.9474,-0.11318,0,0
-0.67925,2.137,-1.8966,-0.065902,0,0
-0.70167,2.1052,-1.8786,-0.052124,0,0
-0.71543,2.0876,-1.8683,-0.044827,0,0
-0.36806,2.1716,-1.9153,-0.081775,0,0
-0.1288,2.1886,-1.9242,-0.089862,0,0
-0.037015,2.1632,-1.9108,-0.077821,0,0
-0.018661,2.1544,-1.9061,-0.073758,0,0
0.059322,2.1266,-1.8908,-0.061336,0,0
0.28023,1.6512,-1.536,0.059399,0,0
-0.021149,1.9555,-1.7834,0.0024783,0,0
-0.41443,2.1389,-1.8976,-0.066759,0,0
-0.63643,2.1523,-1.9049,-0.072792,0,0
-0.71744,2.1439,-1.9004,-0.068991,0,0
-0.73948,2.1383,-1.8973,-0.066498,0,0
-0.73948,2.1383,-1.8973,-0.066498,0,0
-0.59953,1.8143,-1.6778,0.038049,0,0
-0.50449,1.6447,-1.53,0.059803,0,0
-0.46325,1.5588,-1.4463,0.061961,0,0
-0.46325,1.5588,-1.4463,0.061961,0,0
-0.42837,1.5037,-1.3893,0.060191,0,0
-0.28356,1.6769,-1.5598,0.057457,0,0
0.094624,2.0934,-1.8717,-0.047204,0,0
0.17958,2.1816,-1.9205,-0.086505,0,0
0.25501,2.2483,-1.9537,-0.12011,0,0
0.25501,2.2483,-1.9537,-0.12011,0,0
0.3699,1.7317,-1.6087,0.05153,0,0
0.36208,1.5099,-1.3959,0.060514,0,0
0.36136,1.3759,-1.248,0.046646,0,0
0.35885,1.2979,-1.1553,0.031934,0,0
0.35885,1.2979,-1.1553,0.031934,0,0
0.072711,1.5357,-1.4227,0.061521,0,0
-0.31836,1.7097,-1.5894,0.054197,0,0
-0.34215,1.7439,-1.6193,0.049879,0,0
-0.37173,1.7979,-1.6645,0.041149,0,0
-0.26724,1.8406,-1.6987,0.0326,0,0
0.021844,2.0759,-1.8613,-0.040084,0,0
0.084496,2.2176,-1.9388,-0.10425,0,0
0.16039,2.2999,-1.977,-0.14834,0,0
0.16039,2.2999,-1.977,-0.14834,0,0
0.24673,1.9173,-1.7564,0.013636,0,0
0.23369,1.725,-1.6028,0.052389,0,0
0.21909,1.6369,-1.5226,0.060248,0,0
0.22226,1.6167,-1.5034,0.061162,0,0
0.22434,1.5947,-1.4819,0.061788,0,0
0.15825,1.5475,-1.4347,0.061798,0,0
0.11575,1.5651,-1.4526,0.062006,0,0
0.10401,1.5744,-1.4619,0.062014,0,0
0.24367,1.8208,-1.683,0.036745,0,0
0.33697,1.909,-1.7504,0.015917,0,0
0.45364,1.9517,-1.7808,0.0036258,0,0
0.45364,1.9517,-1.7808,0.0036258,0,0
0.45364,1.9517,-1.7808,0.0036258,0,0
0.30406,2.1881,-1.9239,-0.089661,0,0
0.12644,2.3002,-1.9772,-0.14853,0,0
0.046887,2.3495,-1.9976,-0.17738,0,0
0.046887,2.3495,-1.9976,-0.17738,0,0
-0.022331,2.3788,-2.0089,-0.19539,0,0
-0.38514,2.0792,-1.8632,-0.04141,0,0
-0.18956,1.6987,-1.5796,0.055383,0,0
-0.01366,1.6348,-1.5206,0.060357,0,0
0.045021,1.5791,-1.4666,0.061991,0,0
0.10597,1.5458,-1.433,0.061766,0,0
0.10597,1.5458,-1.433,0.061766,0,0
0.048913,1.7888,-1.6571,0.042783,0,0
-0.057926,1.6946,-1.5759,0.055801,0,0
-0.054841,1.579,-1.4665,0.061991,0,0
-0.055267,1.4883,-1.373,0.059259,0,0
-0.055267,1.4883,-1.373,0.059259,0,0
-0.19542,1.6069,-1.4938,0.061491,0,0
-0.23295,1.8487,-1.705,0.030815,0,0
-0.14573,1.92,-1.7584,0.012878,0,0
-0.087073,1.9551,-1.7832,0.0025786,0,0
-0.087073,1.9551,-1.7832,0.0025786,0,0
-0.28108,1.8533,-1.7085,0.029788,0,0
-0.36438,1.8569,-1.7113,0.028961,0,0
-0.33495,1.9641,-1.7894,-0.00021303,0,0
-0.27351,1.9931,-1.8089,-0.0096171,0,0
-0.27351,1.9931,-1.8089,-0.0096171,0,0
-0.11639,2.013,-1.822,-0.016458,0,0
-0.17635,1.9311,-1.7663,0.0097237,0,0
-0.34799,1.8637,-1.7165,0.027379,0,0
-0.4054,1.832,-1.6919,0.034446,0,0
-0.42058,1.8193,-1.6818,0.037056,0,0
-0.42058,1.8193,-1.6818,0.037056,0,0
-0.20268,2.0664,-1.8555,-0.036321,0,0
-0.019376,2.1468,-1.902,-0.070315,0,0
0.084986,2.1636,-1.9111,-0.078041,0,0
0.084986,2.1636,-1.9111,-0.078041,0,0
0.17668,2.1782,-1.9188,-0.084879,0,0
-0.36841,2.2262,-1.943,-0.10859,0,0
-0.75217,2.1328,-1.8942,-0.064029,0,0
-0.75974,2.211,-1.9355,-0.10089,0,0
-0.76156,2.2324,-1.9461,-0.1118,0,0
-0.52653,1.8632,-1.7162,0.027486,0,0
-0.44072,1.6457,-1.531,0.05974,0,0
-0.41561,1.5286,-1.4153,0.061296,0,0
-0.40587,1.5161,-1.4024,0.060806,0,0
-0.39842,1.4704,-1.3538,0.057929,0,0
-0.30199,1.8788,-1.728,0.023745,0,0
0.50646,2.1252,-1.89,-0.060696,0,0
0.57337,1.9187,-1.7574,0.013233,0,0
0.60336,1.8309,-1.691,0.034672,0,0
0.61826,1.7935,-1.6609,0.041959,0,0
0.6217,1.7717,-1.6428,0.045683,0,0
0.63756,1.6985,-1.5794,0.055404,0,0
0.5944,1.9284,-1.7644,0.010495,0,0
0.5944,1.9284,-1.7644,0.010495,0,0
0.47868,2.2109,-1.9355,-0.10089,0,0
0.18401,1.9637,-1.7891,-9.2426e-05,0,0
0.15971,1.7281,-1.6055,0.051996,0,0
0.14724,1.615,-1.5017,0.061226,0,0
0.13861,1.5676,-1.4551,0.062015,0,0
0.13861,1.5676,-1.4551,0.062015,0,0
-0.16992,1.4506,-1.3322,0.056159,0,0
-0.30133,1.4178,-1.2958,0.052532,0,0
-0.39141,1.3802,-1.253,0.047314,0,0
-0.42244,1.3354,-1.2005,0.039605,0,0
-0.42244,1.3354,-1.2005,0.039605,0,0
-0.03589,1.7161,-1.5951,0.053459,0,0
0.082061,2.0356,-1.8364,-0.024609,0,0
-0.17763,2.0942,-1.8722,-0.047545,0,0
-0.37731,2.0934,-1.8717,-0.04719,0,0
-0.46435,2.0647,-1.8545,-0.035674,0,0
-0.46435,2.0647,-1.8545,-0.035674,0,0
-0.31507,1.9545,-1.7828,0.0027645,0,0
-0.22427,1.8988,-1.7429,0.018623,0,0
-0.20549,1.8877,-1.7347,0.02149,0,0
-0.17962,1.8736,-1.7241,0.025017,0,0
0.22994,1.9149,-1.7547,0.014292,0,0
0.49543,1.87,-1.7213,0.025881,0,0
0.59386,1.7755,-1.646,0.04506,0,0
0.62184,1.7283,-1.6057,0.051967,0,0
0.63718,1.7028,-1.5832,0.05496,0,0
0.58239,1.4668,-1.3499,0.057633,0,0
0.55646,1.396,-1.2711,0.049646,0,0
0.53075,1.3273,-1.1908,0.038042,0,0
0.53075,1.3273,-1.1908,0.038042,0,0
0.29561,1.739,-1.615,0.050558,0,0
-0.040785,1.7843,-1.6533,0.043577,0,0
-0.017772,1.6847,-1.5669,0.056762,0,0
-0.021198,1.6617,-1.5458,0.058667,0,0
-0.021198,1.6617,-1.5458,0.058667,0,0
0.25959,1.5248,-1.4115,0.061162,0,0
0.39212,1.4302,-1.3096,0.054003,0,0
0.46583,1.3663,-1.2369,0.045097,0,0
0.48916,1.3232,-1.1859,0.037225,0,0
0.48916,1.3232,-1.1859,0.037225,0,0
0.050194,1.5719,-1.4594,0.062018,0,0
0.0016674,1.6591,-1.5434,0.058856,0,0
0.26064,1.6724,-1.5557,0.057832,0,0
0.39172,1.5954,-1.4827,0.061773,0,0
0.46388,1.5357,-1.4227,0.061521,0,0
0.46388,1.5357,-1.4227,0.061521,0,0
0.49816,1.5144,-1.4006,0.060728,0,0
0.6752,1.7698,-1.6412,0.045989,0,0
0.76891,1.8771,-1.7268,0.024142,0,0
0.86048,1.9494,-1.7792,0.0043131,0,0
0.87802,1.9539,-1.7823,0.0029529,0,0
0.87802,1.9539,-1.7823,0.0029529,0,0
0.035999,2.5091,-2.0513,-0.28328,0,0
0.01887,2.2789,-1.9677,-0.13661,0,0
0.53612,2.0561,-1.8492,-0.032319,0,0
0.66896,1.8781,-1.7275,0.023898,0,0
0.72482,1.7594,-1.6325,0.047612,0,0
0.74417,1.6932,-1.5746,0.055948,0,0
0.74417,1.6932,-1.5746,0.055948,0,0
0.67051,1.5457,-1.4329,0.061763,0,0
0.19306,1.6747,-1.5578,0.057639,0,0
-0.0012694,1.6495,-1.5345,0.059505,0,0
-0.068064,1.6135,-1.5002,0.06128,0,0
-0.11743,1.5864,-1.4738,0.061921,0,0
-0.11743,1.5864,-1.4738,0.061921,0,0
0.14755,1.6705,-1.5539,0.057989,0,0
0.29898,1.6765,-1.5594,0.057491,0,0
0.36688,1.6441,-1.5294,0.059842,0,0
0.42282,1.5839,-1.4714,0.061949,0,0
0.44027,1.5591,-1.4465,0.061963,0,0
0.30363,1.6516,-1.5364,0.059372,0,0
0.22359,1.7069,-1.5869,0.054507,0,0
0.22359,1.7069,-1.5869,0.054507,0,0
0.16891,1.7387,-1.6147,0.050603,0,0
-0.16213,1.8934,-1.7389,0.02003,0,0
-0.35014,1.9726,-1.7951,-0.0028893,0,0
-0.21959,2.0098,-1.8199,-0.015344,0,0
-0.12792,2.0187,-1.8257,-0.018501,0,0
-0.12792,2.0187,-1.8257,-0.018501,0,0
0.146,1.9223,-1.76,0.012247,0,0
0.26344,1.8125,-1.6763,0.038402,0,0
0.26344,1.8125,-1.6763,0.038402,0,0
0.31926,1.7537,-1.6276,0.048472,0,0
0.24398,1.7269,-1.6045,0.052141,0,0
-0.23883,1.8211,-1.6833,0.03669,0,0
-0.39671,1.8223,-1.6842,0.036444,0,0
-0.49156,1.7871,-1.6557,0.043082,0,0
-0.49156,1.7871,-1.6557,0.043082,0,0
-0.49156,1.7871,-1.6557,0.043082,0,0
-0.15941,1.7225,-1.6006,0.052696,0,0
0.030529,1.6362,-1.5219,0.060284,0,0
0.070321,1.6035,-1.4905,0.061586,0,0
0.091645,1.5857,-1.4731,0.061929,0,0
0.1161,1.5716,-1.4591,0.062019,0,0
0.36739,1.6678,-1.5515,0.058204,0,0
0.4632,1.7159,-1.5948,0.053489,0,0
0.53685,1.6953,-1.5765,0.055732,0,0
0.58465,1.6652,-1.549,0.058407,0,0
0.58465,1.6652,-1.549,0.058407,0,0
0.029383,1.8331,-1.6927,0.034221,0,0
-0.49365,1.6904,-1.5721,0.056217,0,0
-0.52564,1.7795,-1.6494,0.044387,0,0
-0.54846,1.8106,-1.6748,0.038767,0,0
-0.54846,1.8106,-1.6748,0.038767,0,0
-0.52886,1.6516,-1.5364,0.059371,0,0
-0.51407,1.5984,-1.4856,0.061709,0,0
-0.49312,1.5116,-1.3977,0.060597,0,0
-0.49312,1.5116,-1.3977,0.060597,0,0
0.040578,1.9242,-1.7614,0.011686,0,0
0.4177,1.9613,-1.7875,0.00065723,0,0
0.63707,1.8521,-1.7077,0.030048,0,0
0.70803,1.7922,-1.6598,0.042186,0,0
0.73588,1.7622,-1.6348,0.047189,0,0
0.73588,1.7622,-1.6348,0.047189,0,0
0.46326,2.1165,-1.885,-0.056932,0,0
-0.36586,1.8491,-1.7053,0.030729,0,0
-0.44041,1.6899,-1.5717,0.056263,0,0
-0.48362,1.5385,-1.4255,0.061595,0,0
-0.48645,1.4963,-1.3815,0.059768,0,0
-0.48645,1.4963,-1.3815,0.059768,0,0
-0.43666,1.8464,-1.7032,0.031343,0,0
-0.39265,2.1131,-1.8831,-0.055496,0,0
-0.37467,2.2779,-1.9673,-0.13609,0,0
-0.35368,2.3453,-1.996,-0.17486,0,0
-0.35368,2.3453,-1.996,-0.17486,0,0
0.18523,2.2729,-1.9651,-0.13333,0,0
0.35014,2.0466,-1.8433,-0.028715,0,0
0.39762,1.968,-1.792,-0.001434,0,0
0.42012,1.9213,-1.7593,0.012506,0,0
0.42012,1.9213,-1.7593,0.012506,0,0
0.063937,1.6601,-1.5443,0.058785,0,0
-0.27359,1.5715,-1.4589,0.062019,0,0
-0.30348,1.6506,-1.5355,0.059434,0,0
-0.33097,1.7081,-1.5879,0.054382,0,0
-0.33097,1.7081,-1.5879,0.054382,0,0
-0.18765,1.5873,-1.4747,0.061908,0,0
-0.085107,1.4773,-1.3612,0.05847,0,0
-0.065005,1.4532,-1.3351,0.05641,0,0
-0.052559,1.438,-1.3183,0.054871,0,0
-0.044077,1.4239,-1.3026,0.053273,0,0
-0.23194,1.4849,-1.3694,0.059029,0,0
-0.4952,1.5468,-1.4341,0.061786,0,0
-0.51797,1.6421,-1.5275,0.059955,0,0
-0.52424,1.6598,-1.5441,0.058807,0,0
-0.52424,1.6598,-1.5441,0.058807,0,0
-0.23472,1.7452,-1.6203,0.049703,0,0
-0.027593,1.7738,-1.6446,0.045335,0,0
0.070061,1.7573,-1.6307,0.047927,0,0
0.14111,1.7121,-1.5915,0.053929,0,0
0.15424,1.7031,-1.5835,0.05492,0,0
0.20496,1.9372,-1.7706,0.0079553,0,0
0.18197,2.0382,-1.8381,-0.025571,0,0
0.18091,2.0729,-1.8594,-0.038884,0,0
0.18091,2.0729,-1.8594,-0.038884,0,0
0.010898,1.8941,-1.7394,0.019864,0,0
-0.043778,1.763,-1.6356,0.047056,0,0
-0.090196,1.6441,-1.5294,0.059841,0,0
-0.090196,1.6441,-1.5294,0.059841,0,0
-0.090196,1.6441,-1.5294,0.059841,0,0
0.26213,1.8398,-1.698,0.032788,0,0
0.27345,2.4145,-2.0218,-0.21818,0,0
-0.23063,2.5544,-2.0629,-0.31692,0,0
-0.43837,2.5558,-2.0633,-0.31805,0,0
-0.64863,2.52,-2.0542,-0.29123,0,0
-0.64863,2.52,-2.0542,-0.29123,0,0
-0.64863,2.52,-2.0542,-0.29123,0,0
-0.55717,2.4551,-2.0353,-0.24524,0,0
-0.34234,2.3079,-1.9804,-0.15288,0,0
-0.39367,2.2296,-1.9447,-0.11036,0,0
-0.18469,1.9982,-1.8123,-0.011355,0,0
-0.30184,1.7982,-1.6648,0.04109,0,0
-0.45901,1.8029,-1.6686,0.040231,0,0
-0.49941,1.7929,-1.6604,0.042065,0,0
-0.5547,1.7644,-1.6367,0.046839,0,0
-0.5547,1.7644,-1.6367,0.046839,0,0
-0.12662,1.6529,-1.5377,0.059282,0,0
0.26511,1.8045,-1.6699,0.039933,0,0
0.34456,2.0248,-1.8296,-0.020693,0,0
0.39255,2.1172,-1.8854,-0.057222,0,0
0.42492,2.2015,-1.9308,-0.09618,0,0
0.42492,2.2015,-1.9308,-0.09618,0,0
-0.3355,2.3351,-1.9918,-0.16877,0,0
-0.39117,1.8317,-1.6917,0.034509,0,0
-0.2396,1.7131,-1.5924,0.053815,0,0
-0.18198,1.6447,-1.53,0.059803,0,0
-0.18198,1.6447,-1.53,0.059803,0,0
-0.14013,1.6016,-1.4887,0.061633,0,0
-0.21559,1.8623,-1.7155,0.027704,0,0
-0.49064,1.8447,-1.7018,0.031717,0,0
-0.53276,1.7311,-1.6082,0.051609,0,0
-0.55506,1.6673,-1.551,0.058245,0,0
-0.58001,1.61,-1.4969,0.061395,0,0
-0.025817,1.9088,-1.7502,0.015962,0,0
0.49238,1.8951,-1.7402,0.019597,0,0
0.44209,2.0038,-1.816,-0.013279,0,0
0.41182,2.0881,-1.8685,-0.045009,0,0
0.41182,2.0881,-1.8685,-0.045009,0,0
0.47626,1.7033,-1.5837,0.054897,0,0
0.49716,1.5134,-1.3995,0.060681,0,0
0.50328,1.3978,-1.2732,0.049898,0,0
0.50328,1.3978,-1.2732,0.049898,0,0
0.5084,1.3336,-1.1984,0.039269,0,0
0.10483,1.612,-1.4988,0.061331,0,0
-0.18823,1.9152,-1.7549,0.014217,0,0
-0.089078,2.1006,-1.8759,-0.050189,0,0
0.0012989,2.2253,-1.9426,-0.10816,0,0
0.0012989,2.2253,-1.9426,-0.10816,0,0
0.068018,2.2848,-1.9704,-0.13987,0,0
0.42351,2.0229,-1.8284,-0.019993,0,0
0.48465,1.8855,-1.733,0.022065,0,0
0.43204,2.0263,-1.8305,-0.021209,0,0
0.39823,2.0841,-1.8661,-0.043376,0,0
0.39823,2.0841,-1.8661,-0.043376,0,0
-0.20161,2.0639,-1.854,-0.035339,0,0
-0.40857,1.8719,-1.7228,0.025426,0,0
-0.49525,1.7686,-1.6403,0.046172,0,0
-0.49525,1.7686,-1.6403,0.046172,0,0
-0.49525,1.7686,-1.6403,0.046172,0,0
-0.021929,2.0597,-1.8515,-0.033733,0,0
0.3703,2.0519,-1.8466,-0.030726,0,0
0.60764,1.9181,-1.757,0.01342,0,0
0.65375,1.8767,-1.7264,0.02425,0,0
0.68015,1.8455,-1.7025,0.031534,0,0
0.69209,1.8316,-1.6916,0.034528,0,0
0.43159,2.0793,-1.8633,-0.041459,0,0
0.2408,2.1792,-1.9193,-0.085348,0,0
0.13753,2.2163,-1.9382,-0.10358,0,0
0.11465,2.221,-1.9405,-0.10597,0,0
0.090562,2.2229,-1.9414,-0.10691,0,0
-0.18162,1.9641,-1.7894,-0.00021127,0,0
-0.27134,1.7677,-1.6395,0.046319,0,0
-0.2993,1.7016,-1.5821,0.055087,0,0
-0.30578,1.6829,-1.5653,0.056922,0,0
-0.31559,1.6503,-1.5352,0.059456,0,0
0.037979,1.8516,-1.7072,0.030167,0,0
0.15159,1.635,-1.5208,0.060348,0,0
0.014833,1.5418,-1.429,0.061679,0,0
-0.062035,1.4795,-1.3636,0.058637,0,0
-0.10012,1.4407,-1.3213,0.055156,0,0
-0.10012,1.4407,-1.3213,0.055156,0,0
-0.072382,1.7556,-1.6292,0.048194,0,0
-0.032529,1.998,-1.8122,-0.011281,0,0
-0.0014402,2.1272,-1.8911,-0.061581,0,0
0.012557,2.1858,-1.9227,-0.088541,0,0
0.012557,2.1858,-1.9227,-0.088541,0,0
0.47531,2.1316,-1.8935,-0.063501,0,0
0.61133,1.5228,-1.4094,0.061085,0,0
0.53812,1.3687,-1.2396,0.04548,0,0
0.51147,1.2705,-1.1216,0.025624,0,0
0.51147,1.2705,-1.1216,0.025624,0,0
0.50196,1.2594,-1.1078,0.022901,0,0
0.28932,1.6282,-1.5144,0.060681,0,0
0.15306,1.7704,-1.6418,0.045887,0,0
0.066705,1.8416,-1.6995,0.032384,0,0
0.050115,1.8532,-1.7085,0.029813,0,0
0.035283,1.8611,-1.7145,0.027993,0,0
0.2673,1.5842,-1.4716,0.061946,0,0
0.37301,1.4011,-1.2769,0.050354,0,0
0.41926,1.2984,-1.156,0.032051,0,0
0.41926,1.2984,-1.156,0.032051,0,0
0.42801,1.2339,-1.0757,0.016274,0,0
0.26489,1.7909,-1.6588,0.042411,0,0
0.41439,2.3192,-1.9852,-0.15939,0,0
0.71001,2.1208,-1.8875,-0.058799,0,0
0.78865,2.0163,-1.8241,-0.017634,0,0
0.82471,1.9513,-1.7805,0.003738,0,0
0.82471,1.9513,-1.7805,0.003738,0,0
0.17568,2.0345,-1.8358,-0.024213,0,0
-0.049735,1.902,-1.7453,0.017781,0,0
-0.15926,1.7863,-1.655,0.043231,0,0
-0.23478,1.678,-1.5609,0.057355,0,0
-0.23478,1.678,-1.5609,0.057355,0,0
-0.23478,1.678,-1.5609,0.057355,0,0
-0.075934,1.9721,-1.7948,-0.0027321,0,0
0.076933,2.1426,-1.8996,-0.068393,0,0
0.19867,2.2178,-1.9389,-0.10431,0,0
0.19867,2.2178,-1.9389,-0.10431,0,0
0.28785,2.2523,-1.9556,-0.12224,0,0
0.081615,2.2324,-1.9461,-0.11181,0,0
0.051041,1.8976,-1.742,0.018938,0,0
0.14058,1.7725,-1.6435,0.045556,0,0
0.16001,1.7417,-1.6174,0.050182,0,0
0.18404,1.6936,-1.575,0.055903,0,0
-0.027094,1.7975,-1.6642,0.04123,0,0
0.20771,1.9458,-1.7767,0.0054137,0,0
0.4858,1.7854,-1.6542,0.043382,0,0
0.59652,1.6733,-1.5566,0.057756,0,0
0.63371,1.6201,-1.5066,0.061034,0,0
0.63371,1.6201,-1.5066,0.061034,0,0
0.63371,1.6201,-1.5066,0.061034,0,0
0.050259,1.759,-1.6321,0.047679,0,0
-0.18256,1.5801,-1.4675,0.061984,0,0
-0.29583,1.4827,-1.3671,0.058875,0,0
-0.35597,1.4248,-1.3037,0.053386,0,0
-0.35597,1.4248,-1.3037,0.053386,0,0
-0.35597,1.4248,-1.3037,0.053386,0,0
