t0,t1,t2,t3,t4,t5 ,x,y,z
-0.30536,1.5018,-1.3873,0.060087,0,0,0.18041887429986803,-0.05687144853224709,0.12
-0.1555,1.4828,-1.3671,0.058877,0,0,0.18874211499450352,-0.029588268115845955,0.12
-0.14136,1.4745,-1.3582,0.058254,0,0,0.18995155561543559,-0.027031848209180715,0.12
-0.081871,1.4284,-1.3077,0.053806,0,0,0.19572037447874988,-0.016059720846929297,0.12
-0.081871,1.4284,-1.3077,0.053806,0,0,0.19572037447874988,-0.016059720846929297,0.12
-0.14197,1.5593,-1.4468,0.061966,0,0,0.18160920170078243,-0.025957689725805873,0.12
-0.055268,1.9082,-1.7498,0.016138,0,0,0.14820558104621823,-0.00819937622701667,0.12
0.064897,2.019,-1.8258,-0.018581,0,0,0.13715646397340858,0.00891356006846422,0.12
0.15167,2.0734,-1.8597,-0.03908,0,0,0.1305795906179837,0.01995828041218407,0.12
0.15167,2.0734,-1.8597,-0.03908,0,0,0.1305795906179837,0.01995828041218407,0.12
0.15167,2.0734,-1.8597,-0.03908,0,0,0.1305795906179837,0.01995828041218407,0.12
-0.076688,2.0424,-1.8407,-0.027137,0,0,0.13474560768853347,-0.01035367595104048,0.12
-0.22562,1.9386,-1.7716,0.0075428,0,0,0.14172132934164977,-0.032529004910033306,0.12
-0.26316,1.8974,-1.7418,0.019007,0,0,0.14435970176756951,-0.03889166213511698,0.12
-0.26316,1.8974,-1.7418,0.019007,0,0,0.14435970176756951,-0.03889166213511698,0.12
-0.32267,1.8548,-1.7097,0.029454,0,0,0.14582958240578234,-0.04875888692704109,0.12
-0.19413,2.0877,-1.8683,-0.044873,0,0,0.1282419263725644,-0.025213135041229868,0.12
0.33155,2.2078,-1.9339,-0.099299,0,0,0.11250637366125411,0.03873117867726276,0.12
0.45861,2.0893,-1.8692,-0.045506,0,0,0.11704961184424008,0.0577895888481501,0.12
0.50099,2.0321,-1.8343,-0.023335,0,0,0.11942673130079243,0.06539672230599887,0.12
0.53094,1.9744,-1.7964,-0.003485,0,0,0.12232683021549043,0.07182791827376078,0.12
-0.053181,1.8992,-1.7432,0.018517,0,0,0.1491184955404893,-0.007937755358876251,0.12
-0.26528,1.9264,-1.7629,0.011081,0,0,0.14148977309358937,-0.03844039415996796,0.12
-0.042271,2.1451,-1.901,-0.069555,0,0,0.12497561880173004,-0.005285993160975082,0.12
0.06274,2.2326,-1.9461,-0.11188,0,0,0.1163497290096761,0.007309375165465796,0.12
0.15974,2.2908,-1.973,-0.1432,0,0,0.10952733335567912,0.017646244472605915,0.12
0.15974,2.2908,-1.973,-0.1432,0,0,0.10952733335567912,0.017646244472605915,0.12
-0.27824,2.1916,-1.9257,-0.091358,0,0,0.11592489582219347,-0.03311391840140054,0.12
-0.46369,1.9625,-1.7883,0.00028571,0,0,0.12793250417611837,-0.06397303121510198,0.12
-0.39046,2.0322,-1.8343,-0.023376,0,0,0.12590045066629138,-0.05181971162203578,0.12
-0.37332,2.0417,-1.8403,-0.026884,0,0,0.12589985397341372,-0.04931340585203027,0.12
-0.31325,2.0731,-1.8596,-0.038993,0,0,0.12569899315104668,-0.04071575590585321,0.12
-0.31993,1.7695,-1.641,0.046028,0,0,0.15408944455093007,-0.05105163886187061,0.12
-0.22253,1.4917,-1.3766,0.05948,0,0,0.18547974684022367,-0.041969883264223046,0.12
-0.20764,1.4848,-1.3693,0.059018,0,0,0.18675202122182183,-0.03934425587470016,0.12
-0.17519,1.4824,-1.3667,0.05885,0,0,0.18816248522877024,-0.03330561853828092,0.12
-0.16206,1.4802,-1.3643,0.058687,0,0,0.1887965963135028,-0.0308670759576495,0.12
0.06098,1.7784,-1.6484,0.044577,0,0,0.16113006771999508,0.009837908839725653,0.12
0.20501,1.9975,-1.8118,-0.011116,0,0,0.13664608469916822,0.028412991123316998,0.12
0.30394,2.0796,-1.8635,-0.041586,0,0,0.12546434166138895,0.03935296401684933,0.12
0.30394,2.0796,-1.8635,-0.041586,0,0,0.12546434166138895,0.03935296401684933,0.12
0.37271,2.1142,-1.8837,-0.05596,0,0,0.11930854759855324,0.04664774943678552,0.12
0.1246,1.7544,-1.6282,0.048372,0,0,0.16257433139022984,0.020362246630018496,0.12
0.12844,1.5874,-1.4748,0.061907,0,0,0.1791552182403649,0.023138071353597453,0.12
0.23986,1.5056,-1.3913,0.060294,0,0,0.1833887972088983,0.04485109072240138,0.12
0.27694,1.4905,-1.3753,0.059401,0,0,0.18303628846559805,0.052027004176558894,0.12
0.27694,1.4905,-1.3753,0.059401,0,0,0.18303628846559805,0.052027004176558894,0.12
0.30204,1.4919,-1.3768,0.059491,0,0,0.18154111394917652,0.05656328580708676,0.12
0.41698,1.5469,-1.4342,0.061788,0,0,0.16886660771070508,0.07480033257499047,0.12
-0.086218,1.754,-1.6279,0.048424,0,0,0.16327718317417855,-0.014112417944816345,0.12
-0.34825,1.6284,-1.5145,0.060675,0,0,0.16593067391609803,-0.06024056346685849,0.12
-0.4394,1.547,-1.4342,0.061788,0,0,0.16713603252951006,-0.07856191663479566,0.12
-0.51211,1.4953,-1.3805,0.059709,0,0,0.1654640876486507,-0.09301268739351301,0.12
-0.51211,1.4953,-1.3805,0.059709,0,0,0.1654640876486507,-0.09301268739351301,0.12
-0.51211,1.4953,-1.3805,0.059709,0,0,0.1654640876486507,-0.09301268739351301,0.12
-0.58915,1.6489,-1.5339,0.059543,0,0,0.14505408569549808,-0.09694331338849611,0.12
-0.60717,1.6929,-1.5743,0.055976,0,0,0.13964551592425745,-0.09701379922362535,0.12
-0.60717,1.6929,-1.5743,0.055976,0,0,0.13964551592425745,-0.09701379922362535,0.12
-0.62567,1.7541,-1.628,0.048414,0,0,0.1328332859589778,-0.09597253999217527,0.12
-0.38365,1.916,-1.7555,0.013987,0,0,0.13692245742107167,-0.055268915036760645,0.12
-0.29209,1.8021,-1.668,0.040374,0,0,0.1523143997104323,-0.04579946638868791,0.12
-0.44308,1.6797,-1.5623,0.057213,0,0,0.1548174263242741,-0.0734683985880672,0.12
-0.51445,1.6061,-1.493,0.061515,0,0,0.155626926494174,-0.08796277577962194,0.12
-0.51445,1.6061,-1.493,0.061515,0,0,0.155626926494174,-0.08796277577962194,0.12
-0.55727,1.5761,-1.4636,0.062008,0,0,0.15427239791643677,-0.09613530053300716,0.12
-0.41501,1.5315,-1.4184,0.061394,0,0,0.1704170214031924,-0.07508585270505524,0.12
-0.18779,1.7595,-1.6325,0.047607,0,0,0.16045898696264246,-0.030491871483540278,0.12
-0.19952,1.8861,-1.7335,0.021913,0,0,0.1476488079419433,-0.029856118642508644,0.12
-0.19928,1.9089,-1.7503,0.015947,0,0,0.14542598567708367,-0.029370313358733805,0.12
-0.19946,1.9529,-1.7816,0.0032595,0,0,0.1411312912626678,-0.028529395233097898,0.12
-0.41509,1.8044,-1.6698,0.039942,0,0,0.14533147337953922,-0.0640470276520444,0.12
-0.50253,1.6448,-1.5301,0.059796,0,0,0.1532594232385327,-0.08423017025761372,0.12
-0.54502,1.5531,-1.4405,0.061893,0,0,0.15740408131910258,-0.09543000862941776,0.12
-0.54502,1.5531,-1.4405,0.061893,0,0,0.15740408131910258,-0.09543000862941776,0.12
-0.54502,1.5531,-1.4405,0.061893,0,0,0.15740408131910258,-0.09543000862941776,0.12
-0.34332,1.5409,-1.428,0.061655,0,0,0.17447500260268345,-0.0623707507336081,0.12
-0.19916,1.5433,-1.4305,0.061713,0,0,0.181392056453009,-0.03661138678362398,0.12
-0.16876,1.5372,-1.4242,0.06156,0,0,0.18301887573729947,-0.03118285767026999,0.12
-0.12568,1.519,-1.4054,0.060931,0,0,0.18598794210825734,-0.02349881995563024,0.12
-0.12568,1.519,-1.4054,0.060931,0,0,0.18598794210825734,-0.02349881995563024,0.12
0.013492,1.6952,-1.5764,0.055744,0,0,0.16979058644281828,0.002290953604505198,0.12
-0.27432,1.8253,-1.6866,0.035829,0,0,0.15086130715313437,-0.04245457784753109,0.12
-0.47209,1.7366,-1.6129,0.050883,0,0,0.14751865297915182,-0.07532272573197536,0.12
-0.52676,1.6627,-1.5467,0.058596,0,0,0.14961479347587714,-0.0870119177170456,0.12
-0.55544,1.6527,-1.5375,0.059295,0,0,0.14791518035426524,-0.09179841228193258,0.12
-0.55544,1.6527,-1.5375,0.059295,0,0,0.14791518035426524,-0.09179841228193258,0.12
-0.4125,1.8732,-1.7238,0.025113,0,0,0.1391824963243563,-0.06090719355753419,0.12
-0.30742,2.0207,-1.827,-0.019208,0,0,0.1308459226961778,-0.04154163278794707,0.12
-0.24562,2.0753,-1.8609,-0.039867,0,0,0.1279529777123931,-0.03207544819460117,0.12
-0.24562,2.0753,-1.8609,-0.039867,0,0,0.1279529777123931,-0.03207544819460117,0.12
-0.18337,2.1068,-1.8795,-0.052815,0,0,0.12666921512215992,-0.02349122003782009,0.12
0.33773,2.1231,-1.8888,-0.059783,0,0,0.12004797783982604,0.042159034484161126,0.12
0.67978,1.7635,-1.636,0.046976,0,0,0.12671340244202067,0.1024221358569268,0.12
0.67978,1.7635,-1.636,0.046976,0,0,0.12671340244202067,0.1024221358569268,0.12
0.18365,1.606,-1.493,0.061516,0,0,0.1757717749733536,0.03264836171008516,0.12
0.15833,1.6364,-1.5221,0.060275,0,0,0.1735252953100713,0.027706164147817246,0.12
0.38792,1.7203,-1.5988,0.052957,0,0,0.15485109364910166,0.06327611163391673,0.12
0.48501,1.7201,-1.5986,0.052986,0,0,0.14800521609634681,0.07799807381713225,0.12
0.56085,1.7075,-1.5874,0.054441,0,0,0.14274337767126363,0.08966200769553027,0.12
0.57462,1.7015,-1.582,0.055098,0,0,0.14200134683537446,0.0919467299754342,0.12
0.57462,1.7015,-1.582,0.055098,0,0,0.14200134683537446,0.0919467299754342,0.12
0.33812,1.7011,-1.5817,0.055136,0,0,0.15963126899273092,0.056130031654797886,0.12
0.040691,1.4836,-1.368,0.058938,0,0,0.19081131590939843,0.007768591363451783,0.12
0.0059974,1.3918,-1.2663,0.049046,0,0,0.19991370167900877,0.0011989768097392178,0.12
0.0059974,1.3918,-1.2663,0.049046,0,0,0.19991370167900877,0.0011989768097392178,0.12
-0.0047871,1.3308,-1.195,0.03873,0,0,0.20571441876908778,-0.0009847830166373436,0.12
0.10258,1.3478,-1.2152,0.041907,0,0,0.20304249805531183,0.02090146390623898,0.12
-0.075843,1.7282,-1.6056,0.051984,0,0,0.1660031563543637,-0.012614373301400307,0.12
-0.28342,1.8566,-1.7111,0.029024,0,0,0.1474581147935693,-0.04294876501093943,0.12
-0.38404,1.8989,-1.743,0.018598,0,0,0.13848052622409465,-0.055960648343645975,0.12
-0.4061,1.9003,-1.744,0.018233,0,0,0.1370832978645463,-0.05894613346948721,0.12
-0.48396,1.9076,-1.7493,0.016292,0,0,0.13143751733403533,-0.06909073165277532,0.12
-0.50537,2.0652,-1.8548,-0.035864,0,0,0.11628972044445057,-0.06434260576114088,0.12
-0.16571,2.5133,-2.0524,-0.28632,0,0,0.08802314133112578,-0.014721310171767235,0.12
0.064053,2.5859,-2.07,-0.34135,0,0,0.08182790086995882,0.005248502327169287,0.12
0.2469,2.6176,-2.0763,-0.3667,0,0,0.07638887425062112,0.019253235503255958,0.12
0.2469,2.6176,-2.0763,-0.3667,0,0,0.07638887425062112,0.019253235503255958,0.12
0.2469,2.6176,-2.0763,-0.3667,0,0,0.07638887425062112,0.019253235503255958,0.12
-0.21678,2.3503,-1.9979,-0.17786,0,0,0.10271395228117794,-0.02262180553157511,0.12
-0.35946,2.0265,-1.8307,-0.021299,0,0,0.1279724604602276,-0.04809031919258912,0.12
-0.42056,1.8933,-1.7388,0.020069,0,0,0.13685317302457906,-0.06120681436966565,0.12
-0.42056,1.8933,-1.7388,0.020069,0,0,0.13685317302457906,-0.06120681436966565,0.12
-0.44822,1.8257,-1.6869,0.035747,0,0,0.14120363912152864,-0.06789940786420237,0.12
-0.49166,2.0314,-1.8338,-0.023076,0,0,0.12009069617286637,-0.0643112473937896,0.12
-0.506,2.2661,-1.962,-0.12964,0,0,0.0991355074189435,-0.05493285661607893,0.12
-0.42481,2.1146,-1.8839,-0.056096,0,0,0.11668044628319615,-0.05278089624888315,0.12
-0.42481,2.1146,-1.8839,-0.056096,0,0,0.11668044628319615,-0.05278089624888315,0.12
-0.12083,1.8072,-1.6721,0.039418,0,0,0.15738202069518878,-0.0191095593529553,0.12
-0.023048,1.6858,-1.5679,0.056656,0,0,0.1707070127458866,-0.003935152052217501,0.12
0.018254,1.6095,-1.4964,0.061411,0,0,0.1783973318298419,0.0032568266373812853,0.12
0.029035,1.597,-1.4842,0.06174,0,0,0.1796045493134581,0.005216284001802902,0.12
0.029035,1.597,-1.4842,0.06174,0,0,0.1796045493134581,0.005216284001802902,0.12
-0.18583,2.0219,-1.8277,-0.019639,0,0,0.13479988485490405,-0.025342249243959253,0.12
-0.11946,2.3198,-1.9855,-0.15976,0,0,0.10736218822129259,-0.012886846810701109,0.12
0.17311,2.2035,-1.9318,-0.097186,0,0,0.11762245187260272,0.020567483351277997,0.12
0.30491,2.0757,-1.8612,-0.040032,0,0,0.12579223849177595,0.03958987534797229,0.12
0.30491,2.0757,-1.8612,-0.040032,0,0,0.12579223849177595,0.03958987534797229,0.12
0.35471,1.9964,-1.8111,-0.010748,0,0,0.13098307831846437,0.048512898865590764,0.12
-0.24035,2.1928,-1.9263,-0.091923,0,0,0.11698195137961327,-0.028670836784902544,0.12
-0.63723,2.1398,-1.8981,-0.067165,0,0,0.1009544485408241,-0.07473124136000674,0.12
-0.74641,2.0618,-1.8527,-0.034534,0,0,0.09781274292355564,-0.09046828951121977,0.12
-0.80187,1.966,-1.7906,-0.00079728,0,0,0.09921841113077622,-0.10254207753226367,0.12
-0.80187,1.966,-1.7906,-0.00079728,0,0,0.09921841113077622,-0.10254207753226367,0.12
-0.80187,1.966,-1.7906,-0.00079728,0,0,0.09921841113077622,-0.10254207753226367,0.12
-0.37613,2.016,-1.8239,-0.017538,0,0,0.12811388370802898,-0.05059630326837291,0.12
-0.32963,2.0971,-1.8739,-0.048743,0,0,0.12279222595623517,-0.04200863387280965,0.12
-0.61745,2.1304,-1.8929,-0.062989,0,0,0.10316137034084844,-0.0732514172134707,0.12
-0.76657,2.0801,-1.8638,-0.041767,0,0,0.09467698183064498,-0.09117727397592917,0.12
-0.76657,2.0801,-1.8638,-0.041767,0,0,0.09467698183064498,-0.09117727397592917,0.12
-0.83365,2.0445,-1.8421,-0.027937,0,0,0.09070330572117516,-0.09990778546875434,0.12
-0.67989,2.2664,-1.9621,-0.12977,0,0,0.08811200161390162,-0.07123674336710573,0.12
-0.34218,1.9924,-1.8085,-0.0094045,0,0,0.13195472399485264,-0.04700115869391996,0.12
-0.35904,1.7402,-1.6161,0.05039,0,0,0.15473694480567243,-0.05807389494765857,0.12
-0.35099,1.6263,-1.5126,0.060768,0,0,0.16596556493717854,-0.060768426718105145,0.12
-0.34926,1.604,-1.4911,0.06157,0,0,0.16817422688485836,-0.061247391743436325,0.12
-0.34944,1.5799,-1.4674,0.061985,0,0,0.1704320830854132,-0.06210442964522408,0.12
-0.19406,1.616,-1.5027,0.061189,0,0,0.17443810994374886,-0.03428290045696789,0.12
-0.1465,1.6784,-1.5612,0.057325,0,0,0.16966120525253597,-0.025034723855092367,0.12
-0.1465,1.6784,-1.5612,0.057325,0,0,0.16966120525253597,-0.025034723855092367,0.12
-0.1465,1.6784,-1.5612,0.057325,0,0,0.16966120525253597,-0.025034723855092367,0.12
-0.018369,1.5788,-1.4662,0.061993,0,0,0.1814716070671594,-0.0033338269254576574,0.12
-0.00024166,1.5259,-1.4126,0.061201,0,0,0.18678188072482366,-4.5137710174634965e-05,0.12
-0.00024166,1.5259,-1.4126,0.061201,0,0,0.18678188072482366,-4.5137710174634965e-05,0.12
-0.25288,1.9638,-1.7892,-0.00011954,0,0,0.13836220743045838,-0.03575444947778923,0.12
-0.04911,2.0203,-1.8267,-0.019056,0,0,0.13715436272967843,-0.006741070979122695,0.12
0.082492,1.8154,-1.6787,0.037832,0,0,0.1571781954150081,0.012995434752629615,0.12
0.19072,1.6585,-1.5429,0.058898,0,0,0.17035615522316325,0.03289007885135732,0.12
0.2246,1.5803,-1.4678,0.061982,0,0,0.176799743615673,0.0403906890976906,0.12
0.2246,1.5803,-1.4678,0.061982,0,0,0.176799743615673,0.0403906890976906,0.12
0.2246,1.5803,-1.4678,0.061982,0,0,0.176799743615673,0.0403906890976906,0.12
0.13205,1.671,-1.5544,0.057949,0,0,0.17074318579230902,0.022678608335619094,0.12
0.04709,1.8005,-1.6666,0.040678,0,0,0.1590326573453209,0.007494388175714623,0.12
0.04709,1.8005,-1.6666,0.040678,0,0,0.1590326573453209,0.007494388175714623,0.12
-0.0093069,1.8477,-1.7042,0.031043,0,0,0.15446928121486345,-0.0014376716631787734,0.12
0.24326,1.6788,-1.5615,0.057293,0,0,0.16640832411287432,0.04129833639650383,0.12
0.36342,1.4678,-1.351,0.057715,0,0,0.17995074439196768,0.0684375070820635,0.12
0.33647,1.4779,-1.3619,0.058522,0,0,0.18079158070203746,0.06323549047541457,0.12
0.29681,1.5006,-1.3861,0.060021,0,0,0.1810136575370555,0.055362019959096266,0.12
-0.25059,2.0825,-1.8652,-0.042758,0,0,0.12710788670581427,-0.032535867241036825,0.12
-0.61935,2.1303,-1.8928,-0.062931,0,0,0.103028415209568,-0.07345186041176308,0.12
-0.43706,2.1724,-1.9157,-0.082121,0,0,0.11092009171490105,-0.05182118761362331,0.12
-0.35837,2.1722,-1.9156,-0.082046,0,0,0.11466908977483636,-0.04294851109569785,0.12
-0.29804,2.1627,-1.9106,-0.077591,0,0,0.11793585551472034,-0.036228715202905895,0.12
-0.29804,2.1627,-1.9106,-0.077591,0,0,0.11793585551472034,-0.036228715202905895,0.12
-0.069232,1.8075,-1.6723,0.039356,0,0,0.15812698504353936,-0.010964971653875437,0.12
-0.33304,1.7494,-1.6239,0.049103,0,0,0.1553165468272529,-0.05372788909625247,0.12
-0.54319,1.7804,-1.6501,0.044241,0,0,0.13802323655715734,-0.0833348641377653,0.12
-0.63003,1.7712,-1.6424,0.045767,0,0,0.13102242398071867,-0.0955363995678015,0.12
-0.63003,1.7712,-1.6424,0.045767,0,0,0.13102242398071867,-0.0955363995678015,0.12
-0.69534,1.7469,-1.6218,0.049462,0,0,0.1263855183009858,-0.10545019101613248,0.12
-0.3384,1.8457,-1.7027,0.031481,0,0,0.14590566217668244,-0.05134970129028118,0.12
-0.075668,1.9888,-1.8061,-0.008198,0,0,0.14002950147796822,-0.010616021249944416,0.12
-0.20602,2.1389,-1.8976,-0.066746,0,0,0.12303424389510291,-0.02571232854866771,0.12
-0.2565,2.1891,-1.9244,-0.09011,0,0,0.1168514725531852,-0.03064749181553724,0.12
-0.2698,2.2063,-1.9332,-0.09855,0,0,0.11482469725238358,-0.03175394659159124,0.12
-0.28708,2.2242,-1.9421,-0.10757,0,0,0.1125933580220734,-0.03324155855254584,0.12
0.20754,2.2168,-1.9384,-0.10381,0,0,0.11557878096868099,0.024337658519419877,0.12
0.47167,2.0333,-1.835,-0.023777,0,0,0.1211854585883871,0.06181289621377048,0.12
0.55466,1.9098,-1.751,0.015687,0,0,0.12604467987103377,0.07808913054622232,0.12
0.59558,1.8645,-1.7172,0.027188,0,0,0.12648825238356223,0.08571698758742241,0.12
0.59558,1.8645,-1.7172,0.027188,0,0,0.12648825238356223,0.08571698758742241,0.12
-0.034315,2.3322,-1.9906,-0.16702,0,0,0.10686647028509182,-0.0036685629753595086,0.12
-0.43122,2.3501,-1.9978,-0.17772,0,0,0.09556386915704203,-0.043968788784777564,0.12
-0.73675,2.2449,-1.9521,-0.1183,0,0,0.08546546968650957,-0.07752978843802659,0.12
-0.73675,2.2449,-1.9521,-0.1183,0,0,0.08546546968650957,-0.07752978843802659,0.12
-0.81257,2.1708,-1.9149,-0.081389,0,0,0.08429452465820586,-0.08900453766803545,0.12
-0.81257,2.1708,-1.9149,-0.081389,0,0,0.08429452465820586,-0.08900453766803545,0.12
-0.53707,1.8452,-1.7023,0.031592,0,0,0.132943790940354,-0.07916188538632596,0.12
-0.36238,1.6765,-1.5595,0.057487,0,0,0.1605401904882999,-0.06086439666796978,0.12
-0.3669,1.7,-1.5807,0.055252,0,0,0.15805300210554524,-0.06073993876332432,0.12
-0.38132,1.7332,-1.61,0.051328,0,0,0.154057969267654,-0.06176863537916794,0.12
0.046449,1.8083,-1.673,0.039206,0,0,0.15825691333041994,0.007356166461626554,0.12
0.28453,1.6639,-1.5479,0.058502,0,0,0.1660045040360233,0.04855056219456668,0.12
0.37945,1.5713,-1.4588,0.062019,0,0,0.16929035531884695,0.06750878170095341,0.12
0.39305,1.5627,-1.4502,0.061992,0,0,0.16915128096400692,0.07013430733173853,0.12
0.43794,1.521,-1.4075,0.061013,0,0,0.16959535743610835,0.07941580668254428,0.12
0.030409,1.7532,-1.6272,0.04855,0,0,0.16389008317544804,0.0049852702725928745,0.12
-0.1126,1.8928,-1.7385,0.020185,0,0,0.1490192696199219,-0.01685084597126103,0.12
0.074256,1.9514,-1.7806,0.0037098,0,0,0.1437390961775118,0.01069315140090586,0.12
0.18218,1.9648,-1.7899,-0.00042976,0,0,0.1404451999347147,0.02587318165009085,0.12
0.25607,1.9594,-1.7862,0.0012483,0,0,0.13867038831536954,0.03630637583140197,0.12
0.25607,1.9594,-1.7862,0.0012483,0,0,0.13867038831536954,0.03630637583140197,0.12
0.47271,2.0083,-1.8189,-0.014835,0,0,0.12331419844251398,0.06306039811184297,0.12
0.57267,2.0217,-1.8276,-0.019544,0,0,0.115295429355916,0.07433580145575264,0.12
0.59076,2.0245,-1.8294,-0.020553,0,0,0.11370290610258114,0.07625564056335538,0.12
0.65036,2.033,-1.8348,-0.023664,0,0,0.10829241293430907,0.08238590082150012,0.12
-0.0077074,1.9211,-1.7591,0.012578,0,0,0.14714174699894958,-0.0011341027576609575,0.12
-0.32399,1.4277,-1.3069,0.053719,0,0,0.18622527711742157,-0.06253881861989506,0.12
-0.27436,1.4228,-1.3014,0.05314,0,0,0.18955632612199924,-0.05335210483041921,0.12
-0.26187,1.4192,-1.2974,0.052707,0,0,0.1905462445813278,-0.05107113353654033,0.12
-0.26187,1.4192,-1.2974,0.052707,0,0,0.1905462445813278,-0.05107113353654033,0.12
-0.42404,1.722,-1.6002,0.052758,0,0,0.15230678571152326,-0.06875539781166523,0.12
-0.5284,1.8087,-1.6733,0.03913,0,0,0.1367853507175099,-0.07985114941278657,0.12
-0.60249,1.8638,-1.7166,0.027363,0,0,0.12594899910768936,-0.08662753027865039,0.12
-0.65167,1.8883,-1.7351,0.02136,0,0,0.11959177189303083,-0.09122972955938016,0.12
-0.65167,1.8883,-1.7351,0.02136,0,0,0.11959177189303083,-0.09122972955938016,0.12
-0.46712,2.0451,-1.8424,-0.028151,0,0,0.12042809146488978,-0.060737673733639766,0.12
0.16956,2.1843,-1.922,-0.08783,0,0,0.11953508925802181,0.02046487242570359,0.12
0.28079,2.1567,-1.9074,-0.074837,0,0,0.11910583450269888,0.03435129507497418,0.12
0.32232,2.1429,-1.8998,-0.068534,0,0,0.11884922176212086,0.03969161950170334,0.12
0.36534,2.1244,-1.8895,-0.060349,0,0,0.11871855076308922,0.04541124120113255,0.12
0.33519,2.2239,-1.942,-0.10745,0,0,0.110894247540165,0.03862825398153872,0.12
0.273,2.3097,-1.9812,-0.15395,0,0,0.10506915189911457,0.029418376417221833,0.12
0.26005,2.3285,-1.9891,-0.16487,0,0,0.10368197104684207,0.02758718882498106,0.12
0.20551,2.3845,-2.011,-0.19894,0,0,0.09971219505875877,0.020785298361902335,0.12
0.11319,2.3439,-1.9954,-0.17401,0,0,0.10512175007224103,0.011949808085171154,0.12
0.44241,1.8683,-1.7201,0.026279,0,0,0.1377420891490831,0.06525228658797771,0.12
0.56602,1.6446,-1.5299,0.05981,0,0,0.14762316437213396,0.09379498515623773,0.12
0.59451,1.56,-1.4475,0.061972,0,0,0.1519202375999339,0.10271438601403182,0.12
0.59451,1.56,-1.4475,0.061972,0,0,0.1519202375999339,0.10271438601403182,0.12
0.62648,1.472,-1.3556,0.058063,0,0,0.15563057458750051,0.11263564361299869,0.12
0.55256,1.914,-1.754,0.014546,0,0,0.12585086215404023,0.07760380185691024,0.12
-0.18914,2.1122,-1.8826,-0.055083,0,0,0.12601254339657703,-0.024122351343200028,0.12
-0.33953,1.8914,-1.7375,0.020543,0,0,0.14154028505196214,-0.04999318292831118,0.12
-0.39879,1.7693,-1.6408,0.046068,0,0,0.14960648294087808,-0.06303933286926104,0.12
-0.41473,1.7388,-1.6149,0.050581,0,0,0.15139379987582513,-0.06665359547940376,0.12
-0.42899,1.6983,-1.5792,0.055427,0,0,0.15413576220883332,-0.07050156700024739,0.12
-0.2327,1.5846,-1.472,0.061942,0,0,0.17604643776797163,-0.041721807457662366,0.12
-0.11718,1.5097,-1.3957,0.060506,0,0,0.18709777385086487,-0.022025019174483934,0.12
-0.080486,1.487,-1.3717,0.059172,0,0,0.19001847326780338,-0.015326937088001516,0.12
-0.080486,1.487,-1.3717,0.059172,0,0,0.19001847326780338,-0.015326937088001516,0.12
-0.080486,1.487,-1.3717,0.059172,0,0,0.19001847326780338,-0.015326937088001516,0.12
-0.16388,1.4681,-1.3513,0.057743,0,0,0.18991598599936643,-0.03140508159199539,0.12
-0.20189,1.4917,-1.3767,0.059482,0,0,0.18630883191781258,-0.038133403807313185,0.12
-0.23075,1.5085,-1.3944,0.060445,0,0,0.18351128325644947,-0.04311315337478497,0.12
-0.23075,1.5085,-1.3944,0.060445,0,0,0.18351128325644947,-0.04311315337478497,0.12
-0.17949,1.6428,-1.5282,0.059915,0,0,0.17226843830458574,-0.031256848900394346,0.12
0.28554,2.056,-1.8492,-0.032309,0,0,0.1283900509437692,0.03769044610601742,0.12
0.57456,2.1476,-1.9024,-0.070647,0,0,0.10479841796910959,0.06784868492236161,0.12
0.76502,2.129,-1.8921,-0.062351,0,0,0.09136756920499331,0.087717636374331,0.12
0.83879,2.1059,-1.8789,-0.052397,0,0,0.08616113275515973,0.09589044783818775,0.12
0.83879,2.1059,-1.8789,-0.052397,0,0,0.08616113275515973,0.09589044783818775,0.12
0.41867,2.5108,-2.0518,-0.28455,0,0,0.08176883473664534,0.03638535333715159,0.12
0.031556,2.621,-2.077,-0.36954,0,0,0.07839773505077928,0.002474740415072689,0.12
-0.17445,2.6381,-2.0799,-0.38362,0,0,0.07551195169401047,-0.013308338012086187,0.12
-0.30159,2.628,-2.0782,-0.3753,0,0,0.0742086126614165,-0.023084759847872078,0.12
-0.30159,2.628,-2.0782,-0.3753,0,0,0.0742086126614165,-0.023084759847872078,0.12
-0.58214,2.4717,-2.0405,-0.25674,0,0,0.07797415992297108,-0.05132503527063115,0.12
-0.62711,2.3278,-1.9888,-0.16442,0,0,0.08692918481942591,-0.06299737824529303,0.12
-0.65462,2.2494,-1.9542,-0.12071,0,0,0.0911910301713464,-0.06999094791410077,0.12
-0.65462,2.2494,-1.9542,-0.12071,0,0,0.0911910301713464,-0.06999094791410077,0.12
0.16718,2.2129,-1.9365,-0.10185,0,0,0.1168415628904616,0.019717612528258915,0.12
0.20733,1.6808,-1.5634,0.057108,0,0,0.16758934282405913,0.03525287545527362,0.12
0.011158,1.5802,-1.4676,0.061983,0,0,0.18135104722141795,0.002023598965600951,0.12
-0.059272,1.5341,-1.421,0.061472,0,0,0.18563806531271101,-0.0110160428399979,0.12
-0.082054,1.5172,-1.4036,0.060855,0,0,0.18701575015275881,-0.01537992281631322,0.12
-0.10927,1.4904,-1.3752,0.059394,0,0,0.18916197227352521,-0.020752388572021056,0.12
0.21245,1.6287,-1.5148,0.060659,0,0,0.17252944082801125,0.03721547864602886,0.12
0.2268,2.1221,-1.8882,-0.059352,0,0,0.12407110141249289,0.028631943168211278,0.12
-0.18542,2.3513,-1.9983,-0.17848,0,0,0.1032778255843745,-0.019372295172477273,0.12
-0.38037,2.3868,-2.0119,-0.20038,0,0,0.09437061923775747,-0.037733319318015296,0.12
-0.54778,2.3897,-2.0129,-0.20221,0,0,0.08652000879018075,-0.052781952413692504,0.12
-0.54778,2.3897,-2.0129,-0.20221,0,0,0.08652000879018075,-0.052781952413692504,0.12
-0.62221,2.3841,-2.0109,-0.1987,0,0,0.08280089570983641,-0.059388995966133167,0.12
-0.60731,1.8984,-1.7426,0.018736,0,0,0.12269259018258608,-0.08526182124414268,0.12
-0.52552,1.7084,-1.5883,0.054339,0,0,0.14574519447591497,-0.08451978793830481,0.12
-0.46991,1.8132,-1.6769,0.038261,0,0,0.14081579855315746,-0.07151368063633015,0.12
-0.43528,1.9025,-1.7456,0.017655,0,0,0.13510572468194687,-0.06282783078792642,0.12
-0.43528,1.9025,-1.7456,0.017655,0,0,0.13510572468194687,-0.06282783078792642,0.12
-0.39279,2.021,-1.8272,-0.019319,0,0,0.12680024883988095,-0.052535889725274,0.12
-0.50432,2.0648,-1.8545,-0.035698,0,0,0.11638971056653248,-0.0642384006395934,0.12
-0.592,1.9579,-1.7851,0.0017104,0,0,0.11907276544038929,-0.08007121260306709,0.12
-0.64697,1.8863,-1.7336,0.021865,0,0,0.1201783808315332,-0.0907868713063974,0.12
-0.64697,1.8863,-1.7336,0.021865,0,0,0.1201783808315332,-0.0907868713063974,0.12
-0.44911,2.112,-1.8824,-0.054989,0,0,0.11559210137974259,-0.05571052210061607,0.12
-0.30608,2.2913,-1.9733,-0.1435,0,0,0.10574126183913084,-0.03341536736808224,0.12
-0.11251,2.391,-2.0134,-0.20307,0,0,0.10058448862658151,-0.011364754916002162,0.12
-0.11251,2.391,-2.0134,-0.20307,0,0,0.10058448862658151,-0.011364754916002162,0.12
-0.11251,2.391,-2.0134,-0.20307,0,0,0.10058448862658151,-0.011364754916002162,0.12
0.73147,2.2606,-1.9594,-0.12668,0,0,0.08473957221853747,0.0760595544640982,0.12
0.77009,2.0818,-1.8648,-0.042459,0,0,0.09423550270204883,0.09139363947157528,0.12
0.80456,1.9951,-1.8102,-0.010293,0,0,0.09694505224159358,0.10073339808107354,0.12
0.82851,1.9579,-1.7851,0.0017397,0,0,0.0969961853591173,0.10574202087636086,0.12
0.82851,1.9579,-1.7851,0.0017397,0,0,0.0969961853591173,0.10574202087636086,0.12
0.43981,2.1623,-1.9103,-0.077392,0,0,0.11166560620123572,0.05254407652237331,0.12
0.2162,2.1929,-1.9264,-0.09196,0,0,0.11763261213039711,0.025835976273909503,0.12
0.077369,2.1821,-1.9208,-0.086772,0,0,0.12112235524186148,0.009389858763502311,0.12
0.0026246,2.162,-1.9102,-0.077283,0,0,0.12344185098536789,0.000323986226025628,0.12
0.0026246,2.162,-1.9102,-0.077283,0,0,0.12344185098536789,0.000323986226025628,0.12
-0.16373,1.9311,-1.7663,0.0097378,0,0,0.14419789871409827,-0.023822779869226787,0.12
-0.32036,1.6751,-1.5582,0.057603,0,0,0.1630886096915191,-0.05411100471974529,0.12
-0.36337,1.7441,-1.6194,0.049849,0,0,0.15411563599162043,-0.0586032737513564,0.12
-0.36337,1.7441,-1.6194,0.049849,0,0,0.15411563599162043,-0.0586032737513564,0.12
-0.49379,1.7943,-1.6616,0.041807,0,0,0.1407405193979343,-0.07575587827384422,0.12
-0.49379,1.7943,-1.6616,0.041807,0,0,0.1407405193979343,-0.07575587827384422,0.12
-0.49379,1.7943,-1.6616,0.041807,0,0,0.1407405193979343,-0.07575587827384422,0.12
0.011876,1.9431,-1.7748,0.0062034,0,0,0.1449503236382378,0.0017215109779000774,0.12
0.29779,1.8313,-1.6914,0.034587,0,0,0.14924942860265705,0.04580710142385586,0.12
0.44245,1.7113,-1.5908,0.054013,0,0,0.1519899830835442,0.07200935722453759,0.12
0.48862,1.6544,-1.5391,0.059183,0,0,0.15356375350352838,0.08163707665575323,0.12
0.48862,1.6544,-1.5391,0.059183,0,0,0.15356375350352838,0.08163707665575323,0.12
0.53599,1.6142,-1.5009,0.061254,0,0,0.15299852373959913,0.09087986978476315,0.12
0.34378,1.688,-1.5699,0.05645,0,0,0.16055276790917364,0.05747718179962704,0.12
-0.014428,1.6012,-1.4884,0.061643,0,0,0.1792428031067214,-0.0025862946262707937,0.12
-0.098945,1.5142,-1.4004,0.060719,0,0,0.1870239187854176,-0.018565708017860866,0.12
-0.14231,1.4555,-1.3376,0.05663,0,0,0.1917733408028567,-0.027477004394909712,0.12
-0.14231,1.4555,-1.3376,0.05663,0,0,0.1917733408028567,-0.027477004394909712,0.12
-0.13731,1.9834,-1.8025,-0.0064129,0,0,0.1396391437402498,-0.019295268083276276,0.12
-0.010188,2.4608,-2.0371,-0.24915,0,0,0.0944111549114417,-0.0009618941265119755,0.12
0.025483,2.2095,-1.9348,-0.10015,0,0,0.1187850128486462,0.0030276538800743952,0.12
0.024908,2.1685,-1.9137,-0.080308,0,0,0.12277272440580242,0.0030586555842677396,0.12
0.019875,2.0913,-1.8704,-0.046328,0,0,0.13031747814057904,0.0025904009699792715,0.12
0.23199,1.937,-1.7705,0.0080132,0,0,0.14166690500768173,0.03346787720590154,0.12
0.53857,1.9959,-1.8108,-0.010561,0,0,0.11994912052167551,0.07166809594080871,0.12
0.60942,2.1223,-1.8883,-0.059429,0,0,0.10439315077975331,0.07287225369524947,0.12
0.66997,2.1941,-1.927,-0.092546,0,0,0.09431101636188093,0.07471369133805669,0.12
0.66997,2.1941,-1.927,-0.092546,0,0,0.09431101636188093,0.07471369133805669,0.12
0.40712,1.9254,-1.7623,0.011345,0,0,0.13472955226929426,0.05809692309487983,0.12
0.28596,1.7678,-1.6396,0.046303,0,0,0.15589916979655127,0.04583720853669673,0.12
0.23858,1.6844,-1.5666,0.056787,0,0,0.1660519725181143,0.040385863229666544,0.12
0.19394,1.6169,-1.5035,0.061158,0,0,0.17435192030379273,0.034244231474656536,0.12
0.19394,1.6169,-1.5035,0.061158,0,0,0.17435192030379273,0.034244231474656536,0.12
-0.1128,1.7153,-1.5943,0.053562,0,0,0.16671511733284874,-0.01888563251774412,0.12
-0.44343,1.9892,-1.8063,-0.0083147,0,0,0.12681170109742873,-0.0602327081338956,0.12
-0.46488,2.1698,-1.9143,-0.080898,0,0,0.1096609440229192,-0.054999507706541814,0.12
-0.49084,2.2643,-1.9611,-0.12867,0,0,0.10010764028465849,-0.05350429154503294,0.12
-0.49048,2.2855,-1.9707,-0.14028,0,0,0.09831580943989283,-0.05250112064367818,0.12
-0.49236,2.3105,-1.9816,-0.15441,0,0,0.09608413295161018,-0.051541777275917945,0.12
-0.44897,2.0763,-1.8615,-0.040253,0,0,0.11875040156603865,-0.057212204309084636,0.12
0.12667,1.8615,-1.7148,0.027899,0,0,0.1518666570219302,0.01934050157579291,0.12
0.42168,1.6953,-1.5765,0.055731,0,0,0.1549225463075063,0.0694965653868612,0.12
0.51733,1.5941,-1.4813,0.061799,0,0,0.15641925501549445,0.0890059871910246,0.12
0.55278,1.5466,-1.4338,0.06178,0,0,0.15720873950767097,0.09698784885518764,0.12
0.59321,1.5013,-1.3868,0.060059,0,0,0.15689209098807286,0.10577895933273915,0.12
0.59321,1.5013,-1.3868,0.060059,0,0,0.15689209098807286,0.10577895933273915,0.12
0.14568,2.1058,-1.8789,-0.052375,0,0,0.12756015836498039,0.018715549502041035,0.12
0.21466,2.0844,-1.8664,-0.043523,0,0,0.12801518579728025,0.027909746085601674,0.12
0.26418,2.0425,-1.8408,-0.027186,0,0,0.13044618029057597,0.03528599940538348,0.12
0.38881,1.9208,-1.7589,0.012655,0,0,0.1361914015648921,0.05579278581785153,0.12
0.44019,1.862,-1.7153,0.027771,0,0,0.1384568348194728,0.06521492186441176,0.12
0.46422,1.8228,-1.6846,0.036354,0,0,0.14035936566132154,0.07028013713814854,0.12
0.46422,1.8228,-1.6846,0.036354,0,0,0.14035936566132154,0.07028013713814854,0.12
0.37461,1.8231,-1.6848,0.036294,0,0,0.14605656622770877,0.05742596828047193,0.12
-0.077602,1.6011,-1.4882,0.061647,0,0,0.1787294622817918,-0.013897672525969164,0.12
-0.16482,1.4579,-1.3402,0.056849,0,0,0.190873773710399,-0.03174782058568321,0.12
-0.19765,1.3945,-1.2694,0.04943,0,0,0.19577072067863213,-0.039205951182023704,0.12
-0.2142,1.3641,-1.2343,0.04473,0,0,0.19793881164980842,-0.043059056670035324,0.12
-0.22082,1.3427,-1.2092,0.040975,0,0,0.19963007077939887,-0.04481307492258424,0.12
-0.28261,1.658,-1.5424,0.058936,0,0,0.1666668718344462,-0.04839710439905135,0.12
-0.29712,1.8046,-1.6699,0.039917,0,0,0.151838534359451,-0.046490448661099075,0.12
-0.33511,1.9064,-1.7485,0.016618,0,0,0.14034542195704064,-0.04887451432111011,0.12
-0.33511,1.9064,-1.7485,0.016618,0,0,0.14034542195704064,-0.04887451432111011,0.12
-0.33511,1.9064,-1.7485,0.016618,0,0,0.14034542195704064,-0.04887451432111011,0.12
-0.37254,2.1216,-1.8879,-0.059132,0,0,0.11864255854220973,-0.046364107348445975,0.12
-0.40304,2.2483,-1.9537,-0.12012,0,0,0.10584231926805725,-0.04512918080981675,0.12
-0.40304,2.2483,-1.9537,-0.12012,0,0,0.10584231926805725,-0.04512918080981675,0.12
-0.4022,2.3107,-1.9816,-0.15449,0,0,0.10031246800885493,-0.042671810052957795,0.12
-0.17773,2.2881,-1.9719,-0.14173,0,0,0.10945440063494352,-0.01966078250899295,0.12
0.063435,1.7677,-1.6395,0.046325,0,0,0.16218072446159826,0.010301756050695263,0.12
0.032121,1.5904,-1.4778,0.061862,0,0,0.18025068171829303,0.005791824206056157,0.12
0.016516,1.4928,-1.3779,0.059554,0,0,0.19003746781885333,0.0031389442355980166,0.12
0.0099535,1.472,-1.3555,0.058057,0,0,0.19210173824740123,0.0019121477989349131,0.12
0.0099535,1.472,-1.3555,0.058057,0,0,0.19210173824740123,0.0019121477989349131,0.12
0.004031,1.6528,-1.5376,0.05929,0,0,0.17407442345035803,0.0007016978015525806,0.12
0.21099,1.6096,-1.4964,0.061409,0,0,0.1744581315358122,0.037365030640419405,0.12
0.27335,1.4613,-1.344,0.057161,0,0,0.1859930445415514,0.05214651461074109,0.12
0.29733,1.3927,-1.2674,0.049179,0,0,0.19106430027744922,0.05854461744691911,0.12
0.31875,1.3187,-1.1805,0.036325,0,0,0.1964302767461029,0.06482252271955902,0.12
0.31875,1.3187,-1.1805,0.036325,0,0,0.1964302767461029,0.06482252271955902,0.12
-0.040525,1.9846,-1.8033,-0.0068109,0,0,0.14073145155381434,-0.005706266170223197,0.12
-0.2492,2.1516,-1.9046,-0.072492,0,0,0.1206113243487287,-0.0306943681516694,0.12
-0.039306,2.0388,-1.8385,-0.025788,0,0,0.13539433372888993,-0.005324552040226493,0.12
0.02975,1.9648,-1.7899,-0.00043349,0,0,0.14274537440916885,0.004247928189939176,0.12
0.080517,1.9019,-1.7452,0.017806,0,0,0.14857784139870103,0.011988961354964732,0.12
0.080517,1.9019,-1.7452,0.017806,0,0,0.14857784139870103,0.011988961354964732,0.12
0.35067,1.6718,-1.5552,0.05788,0,0,0.16168642756866936,0.05914294775174741,0.12
0.52008,1.4871,-1.3718,0.059181,0,0,0.16542093018396797,0.09473128338387807,0.12
0.46841,1.4814,-1.3657,0.058779,0,0,0.17059436518793542,0.08631516063134474,0.12
0.47123,1.365,-1.2354,0.044877,0,0,0.18041522028133924,0.091924124104431,0.12
0.59763,1.5218,-1.4083,0.061044,0,0,0.15474313314654117,0.1053279518045084,0.12
0.70684,1.7245,-1.6024,0.052444,0,0,0.1268797215093295,0.10836149363826912,0.12
0.76199,1.7817,-1.6512,0.044014,0,0,0.1165499324660431,0.11121734480440541,0.12
0.8083,1.8049,-1.6702,0.039849,0,0,0.10966557930263005,0.11480731993160266,0.12
0.8083,1.8049,-1.6702,0.039849,0,0,0.10966557930263005,0.11480731993160266,0.12
0.5111,1.5884,-1.4757,0.061894,0,0,0.15746903881848684,0.08830923153399606,0.12
0.39149,1.5168,-1.4032,0.060838,0,0,0.1734870923543225,0.07161508023786228,0.12
0.53338,1.6519,-1.5367,0.05935,0,0,0.14997226494140384,0.08855358177010152,0.12
0.60968,1.689,-1.5708,0.056352,0,0,0.1397240088169011,0.09758920736996073,0.12
0.60968,1.689,-1.5708,0.056352,0,0,0.1397240088169011,0.09758920736996073,0.12
0.65379,1.7061,-1.5862,0.054599,0,0,0.13391893602090796,0.1026089552266163,0.12
0.46603,1.5557,-1.4431,0.061926,0,0,0.16421091228847226,0.08259505853194708,0.12
0.24008,1.5402,-1.4273,0.061638,0,0,0.1800418645446661,0.044074517652781864,0.12
0.24455,1.6253,-1.5116,0.060812,0,0,0.17157871891823237,0.04281654178644633,0.12
0.24418,1.6459,-1.5311,0.059733,0,0,0.16958458749913488,0.042252269554842424,0.12
0.24434,1.667,-1.5507,0.058264,0,0,0.16751692032001386,0.041765574651290716,0.12
-0.051317,1.5821,-1.4695,0.061968,0,0,0.18093400291753275,-0.009293149293538182,0.12
-0.18444,1.4295,-1.3089,0.053931,0,0,0.19294156850414476,-0.035995234897155455,0.12
-0.24176,1.3853,-1.2588,0.048078,0,0,0.19470851586829643,-0.04801179210275293,0.12
-0.2752,1.3191,-1.181,0.036414,0,0,0.19903063334979834,-0.056199195058065976,0.12
-0.2752,1.3191,-1.181,0.036414,0,0,0.19903063334979834,-0.056199195058065976,0.12
-0.15166,1.3944,-1.2693,0.049413,0,0,0.1973760749271678,-0.030165688818500465,0.12
0.063342,1.6248,-1.5111,0.060834,0,0,0.17653531623739835,0.011197079015095937,0.12
0.16204,1.7323,-1.6092,0.051447,0,0,0.16389425432350826,0.026792331548501046,0.12
0.16204,1.7323,-1.6092,0.051447,0,0,0.16389425432350826,0.026792331548501046,0.12
0.20413,1.773,-1.6439,0.045466,0,0,0.15861041688929198,0.03283447691824654,0.12
0.034947,2.1698,-1.9143,-0.080897,0,0,0.12260543377191746,0.004286437234444206,0.12
0.35333,1.9489,-1.7789,0.0044699,0,0,0.135466422300068,0.049960939074493185,0.12
0.45954,1.6191,-1.5056,0.061072,0,0,0.15905124691112835,0.0787106422672624,0.12
0.51694,1.4393,-1.3198,0.055014,0,0,0.16979524110043845,0.09652957482604416,0.12
0.52021,1.414,-1.2915,0.052052,0,0,0.1716118689430439,0.09830626441520275,0.12
0.53683,1.3115,-1.1718,0.034842,0,0,0.17832936094870774,0.10612892965594384,0.12
0.53683,1.3115,-1.1718,0.034842,0,0,0.17832936094870774,0.10612892965594384,0.12
0.31661,1.7935,-1.661,0.041945,0,0,0.1519673542825684,0.04978926586711266,0.12
0.37179,1.9382,-1.7713,0.0076747,0,0,0.1355085737253803,0.052838028607259925,0.12
0.47158,1.6584,-1.5428,0.058908,0,0,0.15457340294966843,0.07882550779485968,0.12
0.52743,1.5339,-1.4208,0.061465,0,0,0.16071001202787533,0.093608747510184,0.12
0.53429,1.5167,-1.403,0.060833,0,0,0.1615358553009962,0.09557984828575852,0.12
0.54354,1.4761,-1.3599,0.058379,0,0,0.16407903765111553,0.09914506273254976,0.12
0.50099,1.3808,-1.2537,0.0474,0,0,0.17627590032392337,0.09652668190079704,0.12
0.46042,1.3523,-1.2205,0.042701,0,0,0.1824785197047802,0.09050423185069432,0.12
0.46042,1.3523,-1.2205,0.042701,0,0,0.1824785197047802,0.09050423185069432,0.12
0.5936,1.7698,-1.6412,0.045988,0,0,0.13453131309288197,0.09077933049378449,0.12
0.71733,1.908,-1.7496,0.016178,0,0,0.11186702684832199,0.09758776386466045,0.12
0.83953,2.0019,-1.8147,-0.012615,0,0,0.09291556860019146,0.10356164143379692,0.12
0.85744,2.0071,-1.8181,-0.014412,0,0,0.09070987432907186,0.10482067443193632,0.12
0.87753,2.0149,-1.8232,-0.017145,0,0,0.08809466330938943,0.1060305530180438,0.12
0.39728,2.4771,-2.0421,-0.26046,0,0,0.08558839387159314,0.035912092605612164,0.12
-0.17477,2.5433,-2.0602,-0.30851,0,0,0.08495321071165061,-0.015000310465386522,0.12
-0.22373,2.172,-1.9155,-0.081976,0,0,0.11941588840056859,-0.027171799328666126,0.12
-0.40289,2.427,-2.0261,-0.22635,0,0,0.08989602396561547,-0.03831404456073727,0.12
-0.40289,2.427,-2.0261,-0.22635,0,0,0.08989602396561547,-0.03831404456073727,0.12
-0.10475,1.8518,-1.7074,0.030124,0,0,0.15322153230703356,-0.01610891735435137,0.12
0.24842,1.4391,-1.3196,0.054988,0,0,0.1893397983012099,0.048027854346586574,0.12
0.34951,1.4607,-1.3433,0.057103,0,0,0.181540510852987,0.06616666973629542,0.12
0.42367,1.416,-1.2938,0.052309,0,0,0.1801129707808871,0.08122765187301272,0.12
0.43535,1.4044,-1.2807,0.050808,0,0,0.18016955172235372,0.08379907376268453,0.12
0.44441,1.3917,-1.2662,0.049022,0,0,0.18050733621926682,0.08595383497049892,0.12
0.38085,1.461,-1.3436,0.057132,0,0,0.17935007723239438,0.07181153012134639,0.12
0.38085,1.461,-1.3436,0.057132,0,0,0.17935007723239438,0.07181153012134639,0.12
0.35076,1.4993,-1.3848,0.059948,0,0,0.17788745207246395,0.0650872399822168,0.12
0.21676,1.4038,-1.28,0.050722,0,0,0.19411052986582342,0.0427469926262692,0.12
0.19902,1.3268,-1.1902,0.037949,0,0,0.20202337320881525,0.040746087736949675,0.12
0.19902,1.3268,-1.1902,0.037949,0,0,0.20202337320881525,0.040746087736949675,0.12
0.19074,1.3124,-1.1729,0.035038,0,0,0.20367484548837628,0.03932702950491194,0.12
0.11443,1.2574,-1.1053,0.022397,0,0,0.21109674478940324,0.024261789506565254,0.12
0.059361,1.2856,-1.1403,0.029179,0,0,0.20954722735583198,0.012453564059273853,0.12
0.059361,1.2856,-1.1403,0.029179,0,0,0.20954722735583198,0.012453564059273853,0.12
0.12863,1.8032,-1.6688,0.040173,0,0,0.15762502310644755,0.020387874677488708,0.12
0.2474,2.0841,-1.8662,-0.043411,0,0,0.12706079421608119,0.03209228273628658,0.12
0.17403,1.9357,-1.7695,0.0084065,0,0,0.14349241429129836,0.02522718108090166,0.12
0.13484,1.8402,-1.6984,0.032684,0,0,0.15381971261934124,0.02086767441919127,0.12
0.12554,1.8241,-1.6857,0.036072,0,0,0.15560873046897444,0.019638397541495697,0.12
0.11693,1.8055,-1.6707,0.039736,0,0,0.15762431206978625,0.01851547286673212,0.12
-0.17431,1.8577,-1.712,0.028768,0,0,0.15115119769102398,-0.026617292642579535,0.12
-0.34168,1.8985,-1.7427,0.018706,0,0,0.1407635010309902,-0.05005947357034968,0.12
-0.37603,1.9014,-1.7448,0.017943,0,0,0.1386912899485622,-0.05475763034046967,0.12
-0.43503,1.9009,-1.7444,0.018084,0,0,0.13526539845204086,-0.06286095906326897,0.12
-0.43503,1.9009,-1.7444,0.018084,0,0,0.13526539845204086,-0.06286095906326897,0.12
0.025082,1.9726,-1.7951,-0.002893,0,0,0.14198685476421713,0.0035620612947636003,0.12
0.43784,1.5683,-1.4558,0.062017,0,0,0.16533396994340696,0.07740018433486014,0.12
0.42129,1.5608,-1.4482,0.061978,0,0,0.16727479808052576,0.07495929958845238,0.12
0.37289,1.5345,-1.4215,0.061485,0,0,0.1731497630120029,0.0677347444785298,0.12
0.40391,1.822,-1.684,0.036512,0,0,0.1444149927829797,0.06172438355671714,0.12
0.46571,1.7313,-1.6083,0.051586,0,0,0.14847298791359312,0.07461965130254553,0.12
0.4541,1.5655,-1.453,0.062008,0,0,0.16430534875322725,0.08020102782009572,0.12
0.44737,1.5467,-1.4339,0.061783,0,0,0.166531679260692,0.07990447826052176,0.12
0.42572,1.4627,-1.3455,0.057283,0,0,0.17579766107269448,0.07971561009822764,0.12
0.47304,1.6938,-1.5752,0.055884,0,0,0.15128604256961525,0.07742762669921723,0.12
0.63689,2.011,-1.8207,-0.015774,0,0,0.11113604853907347,0.08220966447659837,0.12
0.63689,2.011,-1.8207,-0.015774,0,0,0.11113604853907347,0.08220966447659837,0.12
0.69987,2.06,-1.8516,-0.033826,0,0,0.1020508812533634,0.08593359536808172,0.12
-0.019789,2.0415,-1.8402,-0.026801,0,0,0.13520711331295562,-0.0026759628808571403,0.12
-0.10266,1.7814,-1.6509,0.044075,0,0,0.160280293682157,-0.016512424310185483,0.12
0.079618,1.8612,-1.7146,0.027976,0,0,0.15263895015292486,0.012178552200857893,0.12
0.21663,1.865,-1.7176,0.027064,0,0,0.14917667964851647,0.03283133379041644,0.12
0.24582,1.8605,-1.7141,0.028119,0,0,0.14858997078373115,0.03728034828159166,0.12
0.26201,1.8565,-1.711,0.029049,0,0,0.14835279783131594,0.03978450245706046,0.12
-0.013198,1.7447,-1.62,0.049762,0,0,0.16480914712123493,-0.0021752774270037386,0.12
-0.1749,1.6342,-1.52,0.06039,0,0,0.17325983494021724,-0.030615964519517706,0.12
-0.2299,1.5845,-1.4719,0.061942,0,0,0.17617230454557878,-0.041230993112655594,0.12
-0.2449,1.5769,-1.4644,0.062004,0,0,0.17627306389533992,-0.04405353343624428,0.12
-0.2976,1.5423,-1.4295,0.06169,0,0,0.1770114710310221,-0.054290930196522466,0.12
-0.055356,1.8389,-1.6973,0.032981,0,0,0.15511860412046222,-0.008595526963542256,0.12
-0.24438,2.0267,-1.8308,-0.021376,0,0,0.13262802786001446,-0.033072657599905124,0.12
-0.50361,1.8831,-1.7312,0.022671,0,0,0.132195907996248,-0.07283983483560927,0.12
-0.6049,1.7864,-1.6551,0.04321,0,0,0.13212572378692075,-0.09134571016706654,0.12
-0.64095,1.7472,-1.6221,0.049412,0,0,0.13190797573305324,-0.09840618540083963,0.12
-0.65593,1.7206,-1.599,0.05292,0,0,0.13254131848117784,-0.10200431468155378,0.12
-0.65593,1.7206,-1.599,0.05292,0,0,0.13254131848117784,-0.10200431468155378,0.12
-0.084133,1.7411,-1.6168,0.050275,0,0,0.16459889708613018,-0.013880965973354737,0.12
0.24924,1.8524,-1.7079,0.029985,0,0,0.1492481988757193,0.03798852113820322,0.12
0.12384,2.1222,-1.8883,-0.059413,0,0,0.1263489749881585,0.01572754038487846,0.12
0.048925,2.2569,-1.9577,-0.12467,0,0,0.11409008234471857,0.005586315228440303,0.12
0.014795,2.3121,-1.9822,-0.1553,0,0,0.1088641125144505,0.0016107620740237806,0.12
-0.014614,2.3426,-1.9948,-0.17319,0,0,0.10590893030375548,-0.0015478633008983917,0.12
-0.2259,2.2055,-1.9328,-0.098156,0,0,0.11618347421835229,-0.026701601035202936,0.12
-0.26653,2.0181,-1.8253,-0.018269,0,0,0.13268100111758255,-0.036225352430223096,0.12
-0.27325,1.9762,-1.7976,-0.0040692,0,0,0.1364207191256255,-0.03823330241609809,0.12
-0.27814,1.95,-1.7796,0.0041557,0,0,0.13872947718910306,-0.03961303704977974,0.12
0.20781,1.9626,-1.7883,0.00025761,0,0,0.13994663567954768,0.029508310420958278,0.12
0.48433,1.8082,-1.6729,0.039229,0,0,0.14021493917172537,0.07377085093929231,0.12
0.60105,1.7099,-1.5896,0.054172,0,0,0.13882669299162953,0.09519059832399347,0.12
0.62711,1.6746,-1.5577,0.057647,0,0,0.13917606184781428,0.10086056862410316,0.12
0.64198,1.6415,-1.5269,0.059994,0,0,0.14032773431995396,0.10491265905624872,0.12
-0.056452,1.8857,-1.7332,0.021998,0,0,0.15043721800558815,-0.008501514706005027,0.12
-0.35501,1.6996,-1.5804,0.055293,0,0,0.15880316457671056,-0.058870954326704965,0.12
-0.47414,1.5735,-1.461,0.062016,0,0,0.16195341597531732,-0.0831120871714725,0.12
-0.52712,1.5054,-1.3912,0.060286,0,0,0.16318620064165026,-0.09498331443812186,0.12
-0.52712,1.5054,-1.3912,0.060286,0,0,0.16318620064165026,-0.09498331443812186,0.12
-0.56585,1.4567,-1.3389,0.056738,0,0,0.16343595016478057,-0.10380292180742991,0.12
-0.18072,1.6374,-1.5231,0.060217,0,0,0.17276395067351732,-0.03156630056136784,0.12
0.075257,1.6635,-1.5475,0.05853,0,0,0.17250839778827273,0.013007029375698467,0.12
0.018387,1.7468,-1.6217,0.049475,0,0,0.16458152664638426,0.00302650160647358,0.12
-0.023786,1.7758,-1.6463,0.045004,0,0,0.16164764888859412,-0.0038456762647739863,0.12
-0.023786,1.7758,-1.6463,0.045004,0,0,0.16164764888859412,-0.0038456762647739863,0.12
-0.092549,2.0437,-1.8415,-0.027631,0,0,0.13443672577213284,-0.012477629846043753,0.12
-0.51119,2.2462,-1.9527,-0.119,0,0,0.10052984281521292,-0.056389409218187525,0.12
-0.67165,2.1497,-1.9036,-0.071633,0,0,0.09756954182392284,-0.07756225770551939,0.12
-0.73819,2.0731,-1.8596,-0.038995,0,0,0.0977340497010033,-0.08891608793077764,0.12
-0.73819,2.0731,-1.8596,-0.038995,0,0,0.0977340497010033,-0.08891608793077764,0.12
-0.73819,2.0731,-1.8596,-0.038995,0,0,0.0977340497010033,-0.08891608793077764,0.12
-0.26423,1.9169,-1.7561,0.013747,0,0,0.14244373407121635,-0.03853900942874563,0.12
-0.0078132,1.7371,-1.6134,0.050817,0,0,0.16558226540499849,-0.001293753682372548,0.12
0.069721,1.6213,-1.5077,0.060985,0,0,0.17680984440017042,0.012347372580832808,0.12
0.11328,1.5643,-1.4518,0.062002,0,0,0.18178194076391951,0.020680795145100617,0.12
0.11328,1.5643,-1.4518,0.062002,0,0,0.18178194076391951,0.020680795145100617,0.12
0.11328,1.5643,-1.4518,0.062002,0,0,0.18178194076391951,0.020680795145100617,0.12
0.34939,1.751,-1.6253,0.048869,0,0,0.154266869328192,0.05620518524811194,0.12
0.4734,1.8388,-1.6972,0.033004,0,0,0.13827934163526653,0.07083367758976536,0.12
0.56634,1.8639,-1.7167,0.027333,0,0,0.12898979962820778,0.08201389933060839,0.12
0.58225,1.8697,-1.7211,0.025946,0,0,0.12718384527163742,0.08373644528036638,0.12
0.58225,1.8697,-1.7211,0.025946,0,0,0.12718384527163742,0.08373644528036638,0.12
0.17027,2.0017,-1.8146,-0.012553,0,0,0.137142727353766,0.023579606150675805,0.12
-0.26429,2.0173,-1.8248,-0.017995,0,0,0.13283858768921775,-0.03594883316039786,0.12
-0.19837,2.1637,-1.9111,-0.078078,0,0,0.12085884441587778,-0.024294273295508845,0.12
-0.19837,2.1637,-1.9111,-0.078078,0,0,0.12085884441587778,-0.024294273295508845,0.12
-0.16991,2.2438,-1.9515,-0.11773,0,0,0.11383157410499796,-0.01952941971955962,0.12
-0.16991,2.2438,-1.9515,-0.11773,0,0,0.11383157410499796,-0.01952941971955962,0.12
-0.0043967,1.9454,-1.7764,0.005519,0,0,0.1447302684362695,-0.0006363396715935862,0.12
0.092948,1.8708,-1.7219,0.025699,0,0,0.15150650631254325,0.01412292105446223,0.12
0.11962,1.8477,-1.7042,0.031052,0,0,0.15337200146406646,0.018434368254421914,0.12
0.1349,1.8326,-1.6924,0.034315,0,0,0.1545724543893961,0.020979238890318767,0.12
0.20922,1.6607,-1.5449,0.058738,0,0,0.16950100947426971,0.035989665347565224,0.12
0.22034,1.5991,-1.4862,0.061695,0,0,0.17512941822964972,0.03922486549021361,0.12
0.22034,1.5991,-1.4862,0.061695,0,0,0.17512941822964972,0.03922486549021361,0.12
-0.006084,1.769,-1.6405,0.046123,0,0,0.16237132062714976,-0.0009878793035282376,0.12
0.054029,2.2644,-1.9612,-0.12872,0,0,0.1133360133858288,0.006129396802727687,0.12
0.31588,2.3949,-2.0148,-0.20552,0,0,0.09585444742629831,0.03132745338584694,0.12
0.51939,2.4293,-2.0269,-0.22791,0,0,0.08463991855094552,0.04839305442941765,0.12
0.62066,2.4297,-2.027,-0.22815,0,0,0.07928025378467166,0.05667791770419281,0.12
0.62066,2.4297,-2.027,-0.22815,0,0,0.07928025378467166,0.05667791770419281,0.12
-0.16121,2.5215,-2.0546,-0.29231,0,0,0.08728678748091846,-0.014194683542483096,0.12
-0.24262,1.9712,-1.7942,-0.0024445,0,0,0.1380079359846745,-0.03415632830732034,0.12
-0.13081,1.7594,-1.6325,0.047616,0,0,0.1619472969023027,-0.02130598883990092,0.12
-0.088288,1.6554,-1.54,0.059115,0,0,0.17313664708726423,-0.015325729188886389,0.12
-0.088288,1.6554,-1.54,0.059115,0,0,0.17313664708726423,-0.015325729188886389,0.12
-0.075285,1.6258,-1.512,0.060793,0,0,0.1762874175559085,-0.013296929311866618,0.12
0.27002,1.6568,-1.5413,0.059016,0,0,0.16737976350862802,0.04632731535635076,0.12
0.45015,1.5981,-1.4853,0.061717,0,0,0.16168207348237768,0.07813125818130823,0.12
0.52874,1.4997,-1.3852,0.059971,0,0,0.16351959992837248,0.09553235336988553,0.12
0.52874,1.4997,-1.3852,0.059971,0,0,0.16351959992837248,0.09553235336988553,0.12
0.58126,1.4542,-1.3362,0.05651,0,0,0.1620223655412323,0.1064439610247167,0.12
0.37731,1.7324,-1.6093,0.051436,0,0,0.1543791596629675,0.06117998618267461,0.12
-0.2038,1.902,-1.7453,0.017776,0,0,0.14596692698630787,-0.03016687554470133,0.12
-0.36393,1.816,-1.6791,0.037714,0,0,0.14732666671810737,-0.05611618529224801,0.12
-0.46791,1.6795,-1.5622,0.057226,0,0,0.15296552080864456,-0.07729950456585827,0.12
-0.46791,1.6795,-1.5622,0.057226,0,0,0.15296552080864456,-0.07729950456585827,0.12
-0.46791,1.6795,-1.5622,0.057226,0,0,0.15296552080864456,-0.07729950456585827,0.12
-0.32348,1.7024,-1.5829,0.054994,0,0,0.16031268840423515,-0.05374579866124215,0.12
-0.24524,1.6834,-1.5657,0.056879,0,0,0.16587720410688347,-0.041515363231418814,0.12
-0.1944,1.6528,-1.5376,0.059289,0,0,0.17079691244644876,-0.03362760182648167,0.12
-0.1944,1.6528,-1.5376,0.059289,0,0,0.17079691244644876,-0.03362760182648167,0.12
0.22039,2.0272,-1.8311,-0.021527,0,0,0.13333418851766346,0.029870719513750487,0.12
0.54039,2.102,-1.8767,-0.050755,0,0,0.11087352739454645,0.06651966822874067,0.12
0.66935,2.0903,-1.8699,-0.045943,0,0,0.10229806851131587,0.08093789788309082,0.12
0.76074,2.0527,-1.8472,-0.031048,0,0,0.09715641570272388,0.09247939689639977,0.12
0.76074,2.0527,-1.8472,-0.031048,0,0,0.09715641570272388,0.09247939689639977,0.12
0.017804,2.4438,-2.0317,-0.2376,0,0,0.09606628055519958,0.001710544800365429,0.12
-0.46551,2.3614,-2.0023,-0.1846,0,0,0.09302432601590935,-0.04672892469041821,0.12
-0.62944,2.2351,-1.9474,-0.11318,0,0,0.09404507789616014,-0.06848902189604712,0.12
-0.67925,2.137,-1.8966,-0.065902,0,0,0.09793998413147557,-0.07907886621980942,0.12
-0.70167,2.1052,-1.8786,-0.052124,0,0,0.09851526770346548,-0.08325990121880467,0.12
-0.71543,2.0876,-1.8683,-0.044827,0,0,0.09866055558099406,-0.0857374690641847,0.12
-0.36806,2.1716,-1.9153,-0.081775,0,0,0.11430279618320477,-0.04407892877952996,0.12
-0.1288,2.1886,-1.9242,-0.089862,0,0,0.11985365414973594,-0.015523085505506835,0.12
-0.037015,2.1632,-1.9108,-0.077821,0,0,0.12323900590095582,-0.004563776286014088,0.12
-0.018661,2.1544,-1.9061,-0.073758,0,0,0.12416039754826691,-0.0023172261630380097,0.12
0.059322,2.1266,-1.8908,-0.061336,0,0,0.12667199468998394,0.007523263177796409,0.12
0.28023,1.6512,-1.536,0.059399,0,0,0.1674376221073448,0.04818911028977442,0.12
-0.021149,1.9555,-1.7834,0.0024783,0,0,0.14369558834043203,-0.0030394711764180652,0.12
-0.41443,2.1389,-1.8976,-0.066759,0,0,0.11505204759320273,-0.05061234440929784,0.12
-0.63643,2.1523,-1.9049,-0.072792,0,0,0.10003248519785982,-0.07392495643186554,0.12
-0.71744,2.1439,-1.9004,-0.068991,0,0,0.09434199177112285,-0.08231798809216825,0.12
-0.73948,2.1383,-1.8973,-0.066498,0,0,0.09290819224196153,-0.08474494816653684,0.12
-0.73948,2.1383,-1.8973,-0.066498,0,0,0.09290819224196153,-0.08474494816653684,0.12
-0.59953,1.8143,-1.6778,0.038049,0,0,0.13030000854041818,-0.08905315642426695,0.12
-0.50449,1.6447,-1.53,0.059803,0,0,0.15310270427851064,-0.08453518189820088,0.12
-0.46325,1.5588,-1.4463,0.061961,0,0,0.164164441347802,-0.08200064531278584,0.12
-0.46325,1.5588,-1.4463,0.061961,0,0,0.164164441347802,-0.08200064531278584,0.12
-0.42837,1.5037,-1.3893,0.060191,0,0,0.17190628442652842,-0.07850094500404485,0.12
-0.28356,1.6769,-1.5598,0.057457,0,0,0.16479385130523458,-0.048023014438143934,0.12
0.094624,2.0934,-1.8717,-0.047204,0,0,0.12955797559537716,0.012296014086544424,0.12
0.17958,2.1816,-1.9205,-0.086505,0,0,0.11957804929379452,0.021707679472575108,0.12
0.25501,2.2483,-1.9537,-0.12011,0,0,0.11134078076297359,0.0290249216687939,0.12
0.25501,2.2483,-1.9537,-0.12011,0,0,0.11134078076297359,0.0290249216687939,0.12
0.3699,1.7317,-1.6087,0.05153,0,0,0.15489415695537195,0.06005991851998436,0.12
0.36208,1.5099,-1.3959,0.060514,0,0,0.17615615375533186,0.06672432368082283,0.12
0.36136,1.3759,-1.248,0.046646,0,0,0.1884322179245599,0.07121914980875692,0.12
0.35885,1.2979,-1.1553,0.031934,0,0,0.1954828667002469,0.0733237638984343,0.12
0.35885,1.2979,-1.1553,0.031934,0,0,0.1954828667002469,0.0733237638984343,0.12
0.072711,1.5357,-1.4227,0.061521,0,0,0.18531571240262576,0.013498287137300023,0.12
-0.31836,1.7097,-1.5894,0.054197,0,0,0.15988748137268388,-0.052694163473195985,0.12
-0.34215,1.7439,-1.6193,0.049879,0,0,0.15534510527843765,-0.05532736347263842,0.12
-0.37173,1.7979,-1.6645,0.041149,0,0,0.14857914710956882,-0.057924287359967304,0.12
-0.26724,1.8406,-1.6987,0.0326,0,0,0.1496796165149262,-0.040980631619037054,0.12
0.021844,2.0759,-1.8613,-0.040084,0,0,0.131823013138927,0.002879999987499602,0.12
0.084496,2.2176,-1.9388,-0.10425,0,0,0.11761520618021634,0.00996173326383852,0.12
0.16039,2.2999,-1.977,-0.14834,0,0,0.1086470102214417,0.017576874509366538,0.12
0.16039,2.2999,-1.977,-0.14834,0,0,0.1086470102214417,0.017576874509366538,0.12
0.24673,1.9173,-1.7564,0.013636,0,0,0.14305802059319958,0.03603082373458903,0.12
0.23369,1.725,-1.6028,0.052389,0,0,0.16226989508719938,0.03862657055850137,0.12
0.21909,1.6369,-1.5226,0.060248,0,0,0.17147427015892336,0.03818116584151627,0.12
0.22226,1.6167,-1.5034,0.061162,0,0,0.17333417180782237,0.03917242011148989,0.12
0.22434,1.5947,-1.4819,0.061788,0,0,0.17540137827545169,0.040023244639340046,0.12
0.15825,1.5475,-1.4347,0.061798,0,0,0.18232214775835515,0.02909576873858187,0.12
0.11575,1.5651,-1.4526,0.062006,0,0,0.18165080014869656,0.02112048901990953,0.12
0.10401,1.5744,-1.4619,0.062014,0,0,0.18096117771460063,0.018889938895578454,0.12
0.24367,1.8208,-1.683,0.036745,0,0,0.1525291295276522,0.03792026679956458,0.12
0.33697,1.909,-1.7504,0.015917,0,0,0.14000978965051483,0.04904982204939465,0.12
0.45364,1.9517,-1.7808,0.0036258,0,0,0.12953096224524524,0.06315312617466189,0.12
0.45364,1.9517,-1.7808,0.0036258,0,0,0.12953096224524524,0.06315312617466189,0.12
0.45364,1.9517,-1.7808,0.0036258,0,0,0.12953096224524524,0.06315312617466189,0.12
0.30406,2.1881,-1.9239,-0.089661,0,0,0.11535604112310485,0.036197614251943275,0.12
0.12644,2.3002,-1.9772,-0.14853,0,0,0.10915585771635514,0.013875689469200769,0.12
0.046887,2.3495,-1.9976,-0.17738,0,0,0.10513842046189197,0.004933240713744631,0.12
0.046887,2.3495,-1.9976,-0.17738,0,0,0.10513842046189197,0.004933240713744631,0.12
-0.022331,2.3788,-2.0089,-0.19539,0,0,0.10238531781491915,-0.0022867466581287634,0.12
-0.38514,2.0792,-1.8632,-0.04141,0,0,0.12189310507157272,-0.049413639075448636,0.12
-0.18956,1.6987,-1.5796,0.055383,0,0,0.16641963610904842,-0.031929870808809144,0.12
-0.01366,1.6348,-1.5206,0.060357,0,0,0.1758681032588246,-0.0024025077248312795,0.12
0.045021,1.5791,-1.4666,0.061991,0,0,0.18129080032721712,0.008167412017103004,0.12
0.10597,1.5458,-1.433,0.061766,0,0,0.18376280586447608,0.01954656634565924,0.12
0.10597,1.5458,-1.433,0.061766,0,0,0.18376280586447608,0.01954656634565924,0.12
0.048913,1.7888,-1.6571,0.042783,0,0,0.16019523434116847,0.007841884349629938,0.12
-0.057926,1.6946,-1.5759,0.055801,0,0,0.16958258817330854,-0.009834242806980687,0.12
-0.054841,1.579,-1.4665,0.061991,0,0,0.1812118411729903,-0.009947813381815584,0.12
-0.055267,1.4883,-1.373,0.059259,0,0,0.19021428179311162,-0.010523289150525028,0.12
-0.055267,1.4883,-1.373,0.059259,0,0,0.19021428179311162,-0.010523289150525028,0.12
-0.19542,1.6069,-1.4938,0.061491,0,0,0.17528496799175153,-0.034696997985736944,0.12
-0.23295,1.8487,-1.705,0.030815,0,0,0.15020676903693495,-0.03563764501390396,0.12
-0.14573,1.92,-1.7584,0.012878,0,0,0.14569757393668395,-0.02138410192762894,0.12
-0.087073,1.9551,-1.7832,0.0025786,0,0,0.14322542602238889,-0.01250268072434077,0.12
-0.087073,1.9551,-1.7832,0.0025786,0,0,0.14322542602238889,-0.01250268072434077,0.12
-0.28108,1.8533,-1.7085,0.029788,0,0,0.1478739680601741,-0.04269476236177901,0.12
-0.36438,1.8569,-1.7113,0.028961,0,0,0.1434728525211972,-0.054722224004855456,0.12
-0.33495,1.9641,-1.7894,-0.00021303,0,0,0.13493715579339333,-0.046966908744307305,0.12
-0.27351,1.9931,-1.8089,-0.0096171,0,0,0.13479984059750327,-0.03781683820740331,0.12
-0.27351,1.9931,-1.8089,-0.0096171,0,0,0.13479984059750327,-0.03781683820740331,0.12
-0.11639,2.013,-1.822,-0.016458,0,0,0.13710626092385822,-0.01603024845795459,0.12
-0.17635,1.9311,-1.7663,0.0097237,0,0,0.143885925195019,-0.02564063778444082,0.12
-0.34799,1.8637,-1.7165,0.027379,0,0,0.1437104176068005,-0.0521312899438901,0.12
-0.4054,1.832,-1.6919,0.034446,0,0,0.14340042534875933,-0.06154360777930046,0.12
-0.42058,1.8193,-1.6818,0.037056,0,0,0.14361219967253755,-0.06423319794631507,0.12
-0.42058,1.8193,-1.6818,0.037056,0,0,0.14361219967253755,-0.06423319794631507,0.12
-0.20268,2.0664,-1.8555,-0.036321,0,0,0.1300662172980551,-0.026728826638378233,0.12
-0.019376,2.1468,-1.902,-0.070315,0,0,0.12490087718528232,-0.0024203822981286164,0.12
0.084986,2.1636,-1.9111,-0.078041,0,0,0.12284348807650564,0.010465184167959456,0.12
0.084986,2.1636,-1.9111,-0.078041,0,0,0.12284348807650564,0.010465184167959456,0.12
0.17668,2.1782,-1.9188,-0.084879,0,0,0.1199691704603308,0.021419493942984227,0.12
-0.36841,2.2262,-1.943,-0.10859,0,0,0.10933632637771738,-0.04220765873973827,0.12
-0.75217,2.1328,-1.8942,-0.064029,0,0,0.09221566644082917,-0.08628232225567048,0.12
-0.75974,2.211,-1.9355,-0.10089,0,0,0.08604164344578134,-0.08173583651221832,0.12
-0.76156,2.2324,-1.9461,-0.1118,0,0,0.08439273282419268,-0.08046215061928695,0.12
-0.52653,1.8632,-1.7162,0.027486,0,0,0.13221322020262136,-0.07685094454735127,0.12
-0.44072,1.6457,-1.531,0.05974,0,0,0.15808905983588223,-0.07456434957302004,0.12
-0.41561,1.5286,-1.4153,0.061296,0,0,0.17063349605994682,-0.07530351896301882,0.12
-0.40587,1.5161,-1.4024,0.060806,0,0,0.17250164159659587,-0.0741290959760864,0.12
-0.39842,1.4704,-1.3538,0.057929,0,0,0.1772098417102536,-0.07459329823016593,0.12
-0.30199,1.8788,-1.728,0.023745,0,0,0.14451559109366546,-0.04501921028811959,0.12
0.50646,2.1252,-1.89,-0.060696,0,0,0.11108455364021226,0.0616208544863946,0.12
0.57337,1.9187,-1.7574,0.013233,0,0,0.12381574968237355,0.07995196442437842,0.12
0.60336,1.8309,-1.691,0.034672,0,0,0.1285861787681455,0.08860626909440095,0.12
0.61826,1.7935,-1.6609,0.041959,0,0,0.13031116024238537,0.09268843147689042,0.12
0.6217,1.7717,-1.6428,0.045683,0,0,0.13177242751753085,0.09441211911277118,0.12
0.63756,1.6985,-1.5794,0.055404,0,0,0.13618145383147998,0.10087751352086628,0.12
0.5944,1.9284,-1.7644,0.010495,0,0,0.12130837314079515,0.08199803784577099,0.12
0.5944,1.9284,-1.7644,0.010495,0,0,0.12130837314079515,0.08199803784577099,0.12
0.47868,2.2109,-1.9355,-0.10089,0,0,0.10534798839218217,0.054668677063367366,0.12
0.18401,1.9637,-1.7891,-9.2426e-05,0,0,0.1405034728416512,0.026149854321312376,0.12
0.15971,1.7281,-1.6055,0.051996,0,0,0.164372629841835,0.026477459153235475,0.12
0.14724,1.615,-1.5017,0.061226,0,0,0.17594992779949445,0.026095722251679165,0.12
0.13861,1.5676,-1.4551,0.062015,0,0,0.18087287378779565,0.025232592072036642,0.12
0.13861,1.5676,-1.4551,0.062015,0,0,0.18087287378779565,0.025232592072036642,0.12
-0.16992,1.4506,-1.3322,0.056159,0,0,0.1914138040782362,-0.03284172122276846,0.12
-0.30133,1.4178,-1.2958,0.052532,0,0,0.1885121869058266,-0.0585884785823004,0.12
-0.39141,1.3802,-1.253,0.047314,0,0,0.18582772896127064,-0.07669186830491541,0.12
-0.42244,1.3354,-1.2005,0.039605,0,0,0.1872386869529422,-0.08416422913962014,0.12
-0.42244,1.3354,-1.2005,0.039605,0,0,0.1872386869529422,-0.08416422913962014,0.12
-0.03589,1.7161,-1.5951,0.053459,0,0,0.16759531221037044,-0.006017579709424704,0.12
0.082061,2.0356,-1.8364,-0.024609,0,0,0.1353540338059094,0.011132286895409377,0.12
-0.17763,2.0942,-1.8722,-0.047545,0,0,0.1280165820313754,-0.02298180594304082,0.12
-0.37731,2.0934,-1.8717,-0.04719,0,0,0.12098584112957728,-0.047946316748752035,0.12
-0.46435,2.0647,-1.8545,-0.035674,0,0,0.11887457042342543,-0.059541692431601415,0.12
-0.46435,2.0647,-1.8545,-0.035674,0,0,0.11887457042342543,-0.059541692431601415,0.12
-0.31507,1.9545,-1.7828,0.0027645,0,0,0.1367500282101468,-0.04457050976197348,0.12
-0.22427,1.8988,-1.7429,0.018623,0,0,0.14562864352168128,-0.033218950579521095,0.12
-0.20549,1.8877,-1.7347,0.02149,0,0,0.14731190760724733,-0.03070452325461866,0.12
-0.17962,1.8736,-1.7241,0.025017,0,0,0.14944215472309605,-0.027135254132118147,0.12
0.22994,1.9149,-1.7547,0.014292,0,0,0.14387663238179765,0.033678652733746546,0.12
0.49543,1.87,-1.7213,0.025881,0,0,0.13393851905281065,0.07237814245065075,0.12
0.59386,1.7755,-1.646,0.04506,0,0,0.13403322824595432,0.09049395692779301,0.12
0.62184,1.7283,-1.6057,0.051967,0,0,0.1353098038193825,0.0969752440600002,0.12
0.63718,1.7028,-1.5832,0.05496,0,0,0.1358706610507653,0.10056735188926956,0.12
0.58239,1.4668,-1.3499,0.057633,0,0,0.16086924037141892,0.10594682631265945,0.12
0.55646,1.396,-1.2711,0.049646,0,0,0.16941263383702002,0.1053795682537816,0.12
0.53075,1.3273,-1.1908,0.038042,0,0,0.17769864512434647,0.10429576480868599,0.12
0.53075,1.3273,-1.1908,0.038042,0,0,0.17769864512434647,0.10429576480868599,0.12
0.29561,1.739,-1.615,0.050558,0,0,0.15822087843194974,0.048183426180590454,0.12
-0.040785,1.7843,-1.6533,0.043577,0,0,0.16070326231395762,-0.006557919139804173,0.12
-0.017772,1.6847,-1.5669,0.056762,0,0,0.17083605686176606,-0.0030364180874073417,0.12
-0.021198,1.6617,-1.5458,0.058667,0,0,0.17313944710473614,-0.003670759841210444,0.12
-0.021198,1.6617,-1.5458,0.058667,0,0,0.17313944710473614,-0.003670759841210444,0.12
0.25959,1.5248,-1.4115,0.061162,0,0,0.1806304124196417,0.04797229003934113,0.12
0.39212,1.4302,-1.3096,0.054003,0,0,0.18130901499037294,0.07497767583613034,0.12
0.46583,1.3663,-1.2369,0.045097,0,0,0.18079794007568706,0.09089272435058458,0.12
0.48916,1.3232,-1.1859,0.037225,0,0,0.1822206607871065,0.09699781564745988,0.12
0.48916,1.3232,-1.1859,0.037225,0,0,0.1822206607871065,0.09699781564745988,0.12
0.050194,1.5719,-1.4594,0.062018,0,0,0.18196492760861518,0.009141225782222026,0.12
0.0016674,1.6591,-1.5434,0.058856,0,0,0.17344005077510538,0.00028919420867056737,0.12
0.26064,1.6724,-1.5557,0.057832,0,0,0.16628945869926173,0.04435055429494398,0.12
0.39172,1.5954,-1.4827,0.061773,0,0,0.16621994513322622,0.06865996766833468,0.12
0.46388,1.5357,-1.4227,0.061521,0,0,0.16617121899246245,0.08313388597613365,0.12
0.46388,1.5357,-1.4227,0.061521,0,0,0.16617121899246245,0.08313388597613365,0.12
0.49816,1.5144,-1.4006,0.060728,0,0,0.16508353043637,0.08979153142851032,0.12
0.6752,1.7698,-1.6412,0.045989,0,0,0.12668428556492542,0.1014428383641374,0.12
0.76891,1.8771,-1.7268,0.024142,0,0,0.10890553736694866,0.10537217129521037,0.12
0.86048,1.9494,-1.7792,0.0043131,0,0,0.09411681619395645,0.10942812653629816,0.12
0.87802,1.9539,-1.7823,0.0029529,0,0,0.09189713614574462,0.11071752809760109,0.12
0.87802,1.9539,-1.7823,0.0029529,0,0,0.09189713614574462,0.11071752809760109,0.12
0.035999,2.5091,-2.0513,-0.28328,0,0,0.08960621005028678,0.0032271281179506246,0.12
0.01887,2.2789,-1.9677,-0.13661,0,0,0.11207234941520663,0.0021150562803190164,0.12
0.53612,2.0561,-1.8492,-0.032319,0,0,0.1150237260874585,0.0683433815448301,0.12
0.66896,1.8781,-1.7275,0.023898,0,0,0.11879681337424998,0.0939163407442607,0.12
0.72482,1.7594,-1.6325,0.047612,0,0,0.12228152208586271,0.10829642239760433,0.12
0.74417,1.6932,-1.5746,0.055948,0,0,0.12506601751655616,0.11515647027947201,0.12
0.74417,1.6932,-1.5746,0.055948,0,0,0.12506601751655616,0.11515647027947201,0.12
0.67051,1.5457,-1.4329,0.061763,0,0,0.14479912524201238,0.11483795926913354,0.12
0.19306,1.6747,-1.5578,0.057639,0,0,0.16867736181131907,0.0329755632977957,0.12
-0.0012694,1.6495,-1.5345,0.059505,0,0,0.1744073242019253,-0.00022139277625763206,0.12
-0.068064,1.6135,-1.5002,0.06128,0,0,0.17761166183123767,-0.012107663017469078,0.12
-0.11743,1.5864,-1.4738,0.061921,0,0,0.17949825833853617,-0.02117590728848262,0.12
-0.11743,1.5864,-1.4738,0.061921,0,0,0.17949825833853617,-0.02117590728848262,0.12
0.14755,1.6705,-1.5539,0.057989,0,0,0.17041996887445326,0.02532955032099002,0.12
0.29898,1.6765,-1.5594,0.057491,0,0,0.16407144684244102,0.05056993711792966,0.12
0.36688,1.6441,-1.5294,0.059842,0,0,0.16330705767769127,0.06275532949273563,0.12
0.42282,1.5839,-1.4714,0.061949,0,0,0.16505588872334673,0.07426841637940464,0.12
0.44027,1.5591,-1.4465,0.061963,0,0,0.16597594789967812,0.07819299694476634,0.12
0.30363,1.6516,-1.5364,0.059372,0,0,0.1662264830026598,0.05208176400085292,0.12
0.22359,1.7069,-1.5869,0.054507,0,0,0.1644310689374186,0.037390307422025974,0.12
0.22359,1.7069,-1.5869,0.054507,0,0,0.1644310689374186,0.037390307422025974,0.12
0.16891,1.7387,-1.6147,0.050603,0,0,0.1630698391597525,0.027809100936956464,0.12
-0.16213,1.8934,-1.7389,0.02003,0,0,0.14794184650721884,-0.024198209882047846,0.12
-0.35014,1.9726,-1.7951,-0.0028893,0,0,0.13341368677269,-0.048720965024373356,0.12
-0.21959,2.0098,-1.8199,-0.015344,0,0,0.13503296063723275,-0.030137865867561175,0.12
-0.12792,2.0187,-1.8257,-0.018501,0,0,0.13635555920522813,-0.017538370853746564,0.12
-0.12792,2.0187,-1.8257,-0.018501,0,0,0.13635555920522813,-0.017538370853746564,0.12
0.146,1.9223,-1.76,0.012247,0,0,0.14546350732479654,0.021389870646493357,0.12
0.26344,1.8125,-1.6763,0.038402,0,0,0.152552540526879,0.04114469707575679,0.12
0.26344,1.8125,-1.6763,0.038402,0,0,0.152552540526879,0.04114469707575679,0.12
0.31926,1.7537,-1.6276,0.048472,0,0,0.15563197160558967,0.05144700256816795,0.12
0.24398,1.7269,-1.6045,0.052141,0,0,0.16167923511711454,0.04024829700923419,0.12
-0.23883,1.8211,-1.6833,0.03669,0,0,0.15268319188860496,-0.0371748440108769,0.12
-0.39671,1.8223,-1.6842,0.036444,0,0,0.1448269792891667,-0.060670989227794916,0.12
-0.49156,1.7871,-1.6557,0.043082,0,0,0.14154750928451776,-0.07578363644883249,0.12
-0.49156,1.7871,-1.6557,0.043082,0,0,0.14154750928451776,-0.07578363644883249,0.12
-0.49156,1.7871,-1.6557,0.043082,0,0,0.14154750928451776,-0.07578363644883249,0.12
-0.15941,1.7225,-1.6006,0.052696,0,0,0.16493732934889163,-0.026517659380242906,0.12
0.030529,1.6362,-1.5219,0.060284,0,0,0.17566121894821723,0.005364428041288668,0.12
0.070321,1.6035,-1.4905,0.061586,0,0,0.17858482532567907,0.012579004914076188,0.12
0.091645,1.5857,-1.4731,0.061929,0,0,0.1800541658853417,0.016547416171848305,0.12
0.1161,1.5716,-1.4591,0.062019,0,0,0.1809976412265595,0.021108754595318344,0.12
0.36739,1.6678,-1.5515,0.058204,0,0,0.16105028301297364,0.061982383436198725,0.12
0.4632,1.7159,-1.5948,0.053489,0,0,0.15004710812655137,0.07493961979735865,0.12
0.53685,1.6953,-1.5765,0.055732,0,0,0.14590997923630283,0.08683917535355154,0.12
0.58465,1.6652,-1.549,0.058407,0,0,0.14411979443664683,0.09538349511853701,0.12
0.58465,1.6652,-1.549,0.058407,0,0,0.14411979443664683,0.09538349511853701,0.12
0.029383,1.8331,-1.6927,0.034221,0,0,0.15586947822844097,0.004581231373035457,0.12
-0.49365,1.6904,-1.5721,0.056217,0,0,0.14995901758484273,-0.08069081025796737,0.12
-0.52564,1.7795,-1.6494,0.044387,0,0,0.1395438586074037,-0.0809459200729459,0.12
-0.54846,1.8106,-1.6748,0.038767,0,0,0.13499254344142889,-0.08247886833095339,0.12
-0.54846,1.8106,-1.6748,0.038767,0,0,0.13499254344142889,-0.08247886833095339,0.12
-0.52886,1.6516,-1.5364,0.059371,0,0,0.15039662149728086,-0.08788978134971444,0.12
-0.51407,1.5984,-1.4856,0.061709,0,0,0.15633509834093023,-0.08828467630040171,0.12
-0.49312,1.5116,-1.3977,0.060597,0,0,0.165779253714317,-0.08909018362209396,0.12
-0.49312,1.5116,-1.3977,0.060597,0,0,0.165779253714317,-0.08909018362209396,0.12
0.040578,1.9242,-1.7614,0.011686,0,0,0.14671915389857315,0.0059568396451071095,0.12
0.4177,1.9613,-1.7875,0.00065723,0,0,0.13084783736762018,0.05807245405083947,0.12
0.63707,1.8521,-1.7077,0.030048,0,0,0.12382221152944621,0.09162837343361034,0.12
0.70803,1.7922,-1.6598,0.042186,0,0,0.12157558133428387,0.10408195371137137,0.12
0.73588,1.7622,-1.6348,0.047189,0,0,0.12086607466608577,0.1094518243519073,0.12
0.73588,1.7622,-1.6348,0.047189,0,0,0.12086607466608577,0.1094518243519073,0.12
0.46326,2.1165,-1.885,-0.056932,0,0,0.1143999188605154,0.05714454211980427,0.12
-0.36586,1.8491,-1.7053,0.030729,0,0,0.14412163570779793,-0.0552141454946053,0.12
-0.44041,1.6899,-1.5717,0.056263,0,0,0.15408722726063592,-0.0726184586800808,0.12
-0.48362,1.5385,-1.4255,0.061595,0,0,0.16424945717232395,-0.08626721506334017,0.12
-0.48645,1.4963,-1.3815,0.059768,0,0,0.1677073658283668,-0.08868982003090811,0.12
-0.48645,1.4963,-1.3815,0.059768,0,0,0.1677073658283668,-0.08868982003090811,0.12
-0.43666,1.8464,-1.7032,0.031343,0,0,0.14009952657062535,-0.06538538201933322,0.12
-0.39265,2.1131,-1.8831,-0.055496,0,0,0.1184551729905849,-0.04905892782185377,0.12
-0.37467,2.2779,-1.9673,-0.13609,0,0,0.10440896504724151,-0.04105835509986358,0.12
-0.35368,2.3453,-1.996,-0.17486,0,0,0.09912504013415023,-0.0365974076921177,0.12
-0.35368,2.3453,-1.996,-0.17486,0,0,0.09912504013415023,-0.0365974076921177,0.12
0.18523,2.2729,-1.9651,-0.13333,0,0,0.11075139911894404,0.020752365256178913,0.12
0.35014,2.0466,-1.8433,-0.028715,0,0,0.1265542031304067,0.046215969692145135,0.12
0.39762,1.968,-1.792,-0.001434,0,0,0.1313722304301078,0.055175101724679085,0.12
0.42012,1.9213,-1.7593,0.012506,0,0,0.1343338252922246,0.06000913428385426,0.12
0.42012,1.9213,-1.7593,0.012506,0,0,0.1343338252922246,0.06000913428385426,0.12
0.063937,1.6601,-1.5443,0.058785,0,0,0.17298477268236284,0.01107522314128373,0.12
-0.27359,1.5715,-1.4589,0.062019,0,0,0.1754542173092876,-0.049237185852699934,0.12
-0.30348,1.6506,-1.5355,0.059434,0,0,0.1663311535577844,-0.052087161528436315,0.12
-0.33097,1.7081,-1.5879,0.054382,0,0,0.15936075862049584,-0.05475779595562293,0.12
-0.33097,1.7081,-1.5879,0.054382,0,0,0.15936075862049584,-0.05475779595562293,0.12
-0.18765,1.5873,-1.4747,0.061908,0,0,0.17748187466441037,-0.033700970894879966,0.12
-0.085107,1.4773,-1.3612,0.05847,0,0,0.19089588172689936,-0.016285915528751537,0.12
-0.065005,1.4532,-1.3351,0.05641,0,0,0.19354785047755882,-0.012599329807859553,0.12
-0.052559,1.438,-1.3183,0.054871,0,0,0.1951715370732405,-0.01026747701741783,0.12
-0.044077,1.4239,-1.3026,0.053273,0,0,0.1966226241763263,-0.008672152166841533,0.12
-0.23194,1.4849,-1.3694,0.059029,0,0,0.18573110717205865,-0.04386795124730326,0.12
-0.4952,1.5468,-1.4341,0.061786,0,0,0.16251417400525928,-0.08777166268639272,0.12
-0.51797,1.6421,-1.5275,0.059955,0,0,0.15217535593201065,-0.08672008897218696,0.12
-0.52424,1.6598,-1.5441,0.058807,0,0,0.15008814147789074,-0.08678179666349417,0.12
-0.52424,1.6598,-1.5441,0.058807,0,0,0.15008814147789074,-0.08678179666349417,0.12
-0.23472,1.7452,-1.6203,0.049703,0,0,0.1602516344923099,-0.038320600435920414,0.12
-0.027593,1.7738,-1.6446,0.045335,0,0,0.1618320888616326,-0.004466566460836423,0.12
0.070061,1.7573,-1.6307,0.047927,0,0,0.16315246961629654,0.011449364542326087,0.12
0.14111,1.7121,-1.5915,0.053929,0,0,0.1664335814355321,0.023642575289817676,0.12
0.15424,1.7031,-1.5835,0.05492,0,0,0.16700459397109021,0.025965018277729273,0.12
0.20496,1.9372,-1.7706,0.0079553,0,0,0.14249895790224204,0.029622553440648767,0.12
0.18197,2.0382,-1.8381,-0.025571,0,0,0.13331912808861165,0.024531452018041758,0.12
0.18091,2.0729,-1.8594,-0.038884,0,0,0.1299885960467217,0.02377619041273606,0.12
0.18091,2.0729,-1.8594,-0.038884,0,0,0.1299885960467217,0.02377619041273606,0.12
0.010898,1.8941,-1.7394,0.019864,0,0,0.14982833071350274,0.0016328937929355638,0.12
-0.043778,1.763,-1.6356,0.047056,0,0,0.16282592089722875,-0.007132750417648737,0.12
-0.090196,1.6441,-1.5294,0.059841,0,0,0.1742386393014288,-0.015758384663914552,0.12
-0.090196,1.6441,-1.5294,0.059841,0,0,0.1742386393014288,-0.015758384663914552,0.12
-0.090196,1.6441,-1.5294,0.059841,0,0,0.1742386393014288,-0.015758384663914552,0.12
0.26213,1.8398,-1.698,0.032788,0,0,0.14996236014535605,0.040235437031495444,0.12
0.27345,2.4145,-2.0218,-0.21818,0,0,0.09526254104397963,0.026718852025711524,0.12
-0.23063,2.5544,-2.0629,-0.31692,0,0,0.08290485115271051,-0.01946672221004864,0.12
-0.43837,2.5558,-2.0633,-0.31805,0,0,0.07698539895697384,-0.036090045877631045,0.12
-0.64863,2.52,-2.0542,-0.29123,0,0,0.0705922561696272,-0.05351210041482115,0.12
-0.64863,2.52,-2.0542,-0.29123,0,0,0.0705922561696272,-0.05351210041482115,0.12
-0.64863,2.52,-2.0542,-0.29123,0,0,0.0705922561696272,-0.05351210041482115,0.12
-0.55717,2.4551,-2.0353,-0.24524,0,0,0.08060960351680858,-0.05022092208678227,0.12
-0.34234,2.3079,-1.9804,-0.15288,0,0,0.10294080932875684,-0.03668520847569867,0.12
-0.39367,2.2296,-1.9447,-0.11036,0,0,0.10793290282821655,-0.044830095455689736,0.12
-0.18469,1.9982,-1.8123,-0.011355,0,0,0.13712845346476812,-0.02561820094045227,0.12
-0.30184,1.7982,-1.6648,0.04109,0,0,0.15223413215069065,-0.047398624939479224,0.12
-0.45901,1.8029,-1.6686,0.040231,0,0,0.14251470256523996,-0.07043309732300655,0.12
-0.49941,1.7929,-1.6604,0.042065,0,0,0.14043476212668246,-0.07661231012578605,0.12
-0.5547,1.7644,-1.6367,0.046839,0,0,0.1384227372114719,-0.0857654365075311,0.12
-0.5547,1.7644,-1.6367,0.046839,0,0,0.1384227372114719,-0.0857654365075311,0.12
-0.12662,1.6529,-1.5377,0.059282,0,0,0.17267245094896957,-0.021981384585603753,0.12
0.26511,1.8045,-1.6699,0.039933,0,0,0.1532604956648284,0.041610325615994384,0.12
0.34456,2.0248,-1.8296,-0.020693,0,0,0.1288320581244634,0.0462347072459593,0.12
0.39255,2.1172,-1.8854,-0.057222,0,0,0.11808811027146683,0.04889307282473655,0.12
0.42492,2.2015,-1.9308,-0.09618,0,0,0.10896571644530019,0.04930554500922175,0.12
0.42492,2.2015,-1.9308,-0.09618,0,0,0.10896571644530019,0.04930554500922175,0.12
-0.3355,2.3351,-1.9918,-0.16877,0,0,0.10070336557264584,-0.035113431444172054,0.12
-0.39117,1.8317,-1.6917,0.034509,0,0,0.1442903936038624,-0.05950871513004625,0.12
-0.2396,1.7131,-1.5924,0.053815,0,0,0.16320473676918207,-0.03986974043457203,0.12
-0.18198,1.6447,-1.53,0.059803,0,0,0.17200243709959256,-0.03165117166481669,0.12
-0.18198,1.6447,-1.53,0.059803,0,0,0.17200243709959256,-0.03165117166481669,0.12
-0.14013,1.6016,-1.4887,0.061633,0,0,0.17746241241218227,-0.02503186814187664,0.12
-0.21559,1.8623,-1.7155,0.027704,0,0,0.1494735090349077,-0.03273371622978267,0.12
-0.49064,1.8447,-1.7018,0.031717,0,0,0.13651599186510163,-0.07292827754781889,0.12
-0.53276,1.7311,-1.6082,0.051609,0,0,0.14315887624433904,-0.0844108443336605,0.12
-0.55506,1.6673,-1.551,0.058245,0,0,0.14670035829103933,-0.09096727592245352,0.12
-0.58001,1.61,-1.4969,0.061395,0,0,0.14920493996421555,-0.09775650158306376,0.12
-0.025817,1.9088,-1.7502,0.015962,0,0,0.14832200144939908,-0.0038300800876867984,0.12
0.49238,1.8951,-1.7402,0.019597,0,0,0.13195180876967258,0.07078543634080502,0.12
0.44209,2.0038,-1.816,-0.013279,0,0,0.12558985054329813,0.05944623032127606,0.12
0.41182,2.0881,-1.8685,-0.045009,0,0,0.11973246034173446,0.052298746646544145,0.12
0.41182,2.0881,-1.8685,-0.045009,0,0,0.11973246034173446,0.052298746646544145,0.12
0.47626,1.7033,-1.5837,0.054897,0,0,0.1501853310497386,0.0774755640482159,0.12
0.49716,1.5134,-1.3995,0.060681,0,0,0.16525926767158725,0.08967308373655615,0.12
0.50328,1.3978,-1.2732,0.049898,0,0,0.1746237656222587,0.09614244153342813,0.12
0.50328,1.3978,-1.2732,0.049898,0,0,0.1746237656222587,0.09614244153342813,0.12
0.5084,1.3336,-1.1984,0.039269,0,0,0.17947031494269264,0.10001162423951823,0.12
0.10483,1.612,-1.4988,0.061331,0,0,0.17719752968393898,0.018643962000322103,0.12
-0.18823,1.9152,-1.7549,0.014217,0,0,0.145125886519303,-0.027644303533363758,0.12
-0.089078,2.1006,-1.8759,-0.050189,0,0,0.12892187604055816,-0.011514574624933835,0.12
0.0012989,2.2253,-1.9426,-0.10816,0,0,0.11728965300184764,0.00015234761596142325,0.12
0.0012989,2.2253,-1.9426,-0.10816,0,0,0.11728965300184764,0.00015234761596142325,0.12
0.068018,2.2848,-1.9704,-0.13987,0,0,0.11126591848655869,0.007579778000900897,0.12
0.42351,2.0229,-1.8284,-0.019993,0,0,0.12495537615066385,0.05632852929300564,0.12
0.48465,1.8855,-1.733,0.022065,0,0,0.1333411722050976,0.07020886683494416,0.12
0.43204,2.0263,-1.8305,-0.021209,0,0,0.12416366447690058,0.057250924397506016,0.12
0.39823,2.0841,-1.8661,-0.043376,0,0,0.12079232065117058,0.05081834177540588,0.12
0.39823,2.0841,-1.8661,-0.043376,0,0,0.12079232065117058,0.05081834177540588,0.12
-0.20161,2.0639,-1.854,-0.035339,0,0,0.13033591088819912,-0.026638932095535858,0.12
-0.40857,1.8719,-1.7228,0.025426,0,0,0.13953964740772315,-0.06041119625972947,0.12
-0.49525,1.7686,-1.6403,0.046172,0,0,0.14290372297476778,-0.07718955834575572,0.12
-0.49525,1.7686,-1.6403,0.046172,0,0,0.14290372297476778,-0.07718955834575572,0.12
-0.49525,1.7686,-1.6403,0.046172,0,0,0.14290372297476778,-0.07718955834575572,0.12
-0.021929,2.0597,-1.8515,-0.033733,0,0,0.1334134046482262,-0.0029260915995597643,0.12
0.3703,2.0519,-1.8466,-0.030726,0,0,0.12511144367113033,0.048569305009269266,0.12
0.60764,1.9181,-1.757,0.01342,0,0,0.12105332548112788,0.08418191215386558,0.12
0.65375,1.8767,-1.7264,0.02425,0,0,0.1203214310090423,0.09218288174715666,0.12
0.68015,1.8455,-1.7025,0.031534,0,0,0.12027326502602911,0.0972901861011647,0.12
0.69209,1.8316,-1.6916,0.034528,0,0,0.12017555339779802,0.09960821013949056,0.12
0.43159,2.0793,-1.8633,-0.041459,0,0,0.11945972182886079,0.055016799701001734,0.12
0.2408,2.1792,-1.9193,-0.085348,0,0,0.1182546700350464,0.02903918178723979,0.12
0.13753,2.2163,-1.9382,-0.10358,0,0,0.11704853479489334,0.0161999520177483,0.12
0.11465,2.221,-1.9405,-0.10597,0,0,0.11693460522289748,0.013465604351190447,0.12
0.090562,2.2229,-1.9414,-0.10691,0,0,0.11703963753646539,0.010628415785704417,0.12
-0.18162,1.9641,-1.7894,-0.00021127,0,0,0.14052730222586976,-0.02580694908570554,0.12
-0.27134,1.7677,-1.6395,0.046319,0,0,0.15656191221080487,-0.043555728969248565,0.12
-0.2993,1.7016,-1.5821,0.055087,0,0,0.1616401327701611,-0.049877204165244944,0.12
-0.30578,1.6829,-1.5653,0.056922,0,0,0.16311084862061648,-0.05149095436044142,0.12
-0.31559,1.6503,-1.5352,0.059456,0,0,0.16571640726112039,-0.05410677391659794,0.12
0.037979,1.8516,-1.7072,0.030167,0,0,0.15397366430287363,0.005850579034152173,0.12
0.15159,1.635,-1.5208,0.060348,0,0,0.17384787068616445,0.026557336058384735,0.12
0.014833,1.5418,-1.429,0.061679,0,0,0.18517983802554713,0.0027469740015283245,0.12
-0.062035,1.4795,-1.3636,0.058637,0,0,0.19100535857460998,-0.011864240540514921,0.12
-0.10012,1.4407,-1.3213,0.055156,0,0,0.19420092723214452,-0.019508625350891796,0.12
-0.10012,1.4407,-1.3213,0.055156,0,0,0.19420092723214452,-0.019508625350891796,0.12
-0.072382,1.7556,-1.6292,0.048194,0,0,0.1632945216924614,-0.011840268958839172,0.12
-0.032529,1.998,-1.8122,-0.011281,0,0,0.1394478678447736,-0.004537700307147428,0.12
-0.0014402,2.1272,-1.8911,-0.061581,0,0,0.12683484799464342,-0.00018266767437687405,0.12
0.012557,2.1858,-1.9227,-0.088541,0,0,0.12111545186958826,0.00152092666898475,0.12
0.012557,2.1858,-1.9227,-0.088541,0,0,0.12111545186958826,0.00152092666898475,0.12
0.47531,2.1316,-1.8935,-0.063501,0,0,0.11239114303824163,0.05784369358155932,0.12
0.61133,1.5228,-1.4094,0.061085,0,0,0.1532055242967106,0.10738181232393595,0.12
0.53812,1.3687,-1.2396,0.04548,0,0,0.17356235800492772,0.1035953766004676,0.12
0.51147,1.2705,-1.1216,0.025624,0,0,0.18425629990493522,0.10342126317138527,0.12
0.51147,1.2705,-1.1216,0.025624,0,0,0.18425629990493522,0.10342126317138527,0.12
0.50196,1.2594,-1.1078,0.022901,0,0,0.18611567588643976,0.10214962146903124,0.12
0.28932,1.6282,-1.5144,0.060681,0,0,0.16921198777099283,0.05036973555895976,0.12
0.15306,1.7704,-1.6418,0.045887,0,0,0.16034022917760804,0.024735137520890602,0.12
0.066705,1.8416,-1.6995,0.032384,0,0,0.1547436501346182,0.010337512182315916,0.12
0.050115,1.8532,-1.7085,0.029813,0,0,0.15373303007538838,0.007710787131267832,0.12
0.035283,1.8611,-1.7145,0.027993,0,0,0.15303811940419634,0.005401885737667666,0.12
0.2673,1.5842,-1.4716,0.061946,0,0,0.17453631961427013,0.04779738071628383,0.12
0.37301,1.4011,-1.2769,0.050354,0,0,0.18533561601080875,0.07252739355761667,0.12
0.41926,1.2984,-1.156,0.032051,0,0,0.19065950989729383,0.08497413387465828,0.12
0.41926,1.2984,-1.156,0.032051,0,0,0.19065950989729383,0.08497413387465828,0.12
0.42801,1.2339,-1.0757,0.016274,0,0,0.19523857152199442,0.08907069722606724,0.12
0.26489,1.7909,-1.6588,0.042411,0,0,0.15458855690823176,0.04193438088939312,0.12
0.41439,2.3192,-1.9852,-0.15939,0,0,0.09903143375828143,0.043560016529987776,0.12
0.71001,2.1208,-1.8875,-0.058799,0,0,0.09666031444472739,0.08308399178799646,0.12
0.78865,2.0163,-1.8241,-0.017634,0,0,0.0970610379846115,0.09769435292563651,0.12
0.82471,1.9513,-1.7805,0.003738,0,0,0.09784148862953543,0.10585322970854866,0.12
0.82471,1.9513,-1.7805,0.003738,0,0,0.09784148862953543,0.10585322970854866,0.12
0.17568,2.0345,-1.8358,-0.024213,0,0,0.1338306139188183,0.023756266821012954,0.12
-0.049735,1.902,-1.7453,0.017781,0,0,0.14886725690019376,-0.007410023767745767,0.12
-0.15926,1.7863,-1.655,0.043231,0,0,0.15860433273873736,-0.02547507220591305,0.12
-0.23478,1.678,-1.5609,0.057355,0,0,0.1668341204831615,-0.03990523758690294,0.12
-0.23478,1.678,-1.5609,0.057355,0,0,0.1668341204831615,-0.03990523758690294,0.12
-0.23478,1.678,-1.5609,0.057355,0,0,0.1668341204831615,-0.03990523758690294,0.12
-0.075934,1.9721,-1.7948,-0.0027321,0,0,0.1416729110185656,-0.01077851499943934,0.12
0.076933,2.1426,-1.8996,-0.068393,0,0,0.12495895583162674,0.009632478725651658,0.12
0.19867,2.2178,-1.9389,-0.10431,0,0,0.11569513893129121,0.023292411356372795,0.12
0.19867,2.2178,-1.9389,-0.10431,0,0,0.11569513893129121,0.023292411356372795,0.12
0.28785,2.2523,-1.9556,-0.12224,0,0,0.10995693935417312,0.03255526181051681,0.12
0.081615,2.2324,-1.9461,-0.11181,0,0,0.11621510687721162,0.009506011867535255,0.12
0.051041,1.8976,-1.742,0.018938,0,0,0.1492939020777287,0.007626734221023423,0.12
0.14058,1.7725,-1.6435,0.045556,0,0,0.16042565304676742,0.022702389496125623,0.12
0.16001,1.7417,-1.6174,0.050182,0,0,0.16301564742247118,0.026309049886316795,0.12
0.18404,1.6936,-1.575,0.055903,0,0,0.16709782772390955,0.03110465884025157,0.12
-0.027094,1.7975,-1.6642,0.04123,0,0,0.15945323397963132,-0.004321283369393494,0.12
0.20771,1.9458,-1.7767,0.0054137,0,0,0.14158235431782465,0.02983842087737612,0.12
0.4858,1.7854,-1.6542,0.043382,0,0,0.14213047794972616,0.07504564019750647,0.12
0.59652,1.6733,-1.5566,0.057756,0,0,0.14230594559012014,0.09663144803163772,0.12
0.63371,1.6201,-1.5066,0.061034,0,0,0.14292491919431857,0.10502300782590993,0.12
0.63371,1.6201,-1.5066,0.061034,0,0,0.14292491919431857,0.10502300782590993,0.12
0.63371,1.6201,-1.5066,0.061034,0,0,0.14292491919431857,0.10502300782590993,0.12
0.050259,1.759,-1.6321,0.047679,0,0,0.16317513667375558,0.008207931346289504,0.12
-0.18256,1.5801,-1.4675,0.061984,0,0,0.1783583087032741,-0.032927714848739256,0.12
-0.29583,1.4827,-1.3671,0.058875,0,0,0.18276016614439014,-0.05570037993495061,0.12
-0.35597,1.4248,-1.3037,0.053386,0,0,0.18439550649614148,-0.06855987728069105,0.12
-0.35597,1.4248,-1.3037,0.053386,0,0,0.18439550649614148,-0.06855987728069105,0.12
-0.35597,1.4248,-1.3037,0.053386,0,0,0.18439550649614148,-0.06855987728069105,0.12
